insert into admin (id_user, fname, lname, email, phone, password, admin_acces)
values (1, 'Kenny', 'Carrick', 'kcarrick0@epa.gov', '490-922-3063', 'lU9,AqAM', true),
       (2, 'Barbie', 'Cona', 'bcona1@com.com', '796-794-8956', 'mS9*+eAL*0RoH', true),
       (3, 'Marla', 'Mumford', 'mmumford2@blinklist.com', '130-628-4773', 'xV0%qjYa0n4Tbm', true),
       (4, 'Federico', 'Comizzoli', 'fcomizzoli3@hc360.com', '606-762-1085', 'yO4,twZ?', true),
       (5, 'Marnia', 'Kleisel', 'mkleisel4@people.com.cn', '750-469-7451', 'xH3=Ss>$xSW', true);

insert into agent (id_user, fname, lname, email, phone, password, agent_acces)
values (6, 'Braden', 'Casacchia', 'bcasacchia5@weebly.com', '298-794-7801', 'oK8>"Iepbr', true),
       (7, 'Petra', 'Farrow', 'pfarrow6@t.co', '683-358-0318', 'mH5>,>Ev''''{%FD', true),
       (8, 'Dominica', 'Livock', 'dlivock7@time.com', '509-417-9750', 'uP1<G1|=IBN7?rVI', true),
       (9, 'Jenifer', 'Mattschas', 'jmattschas8@meetup.com', '561-626-0046', 'fM8|u.!@ls', true),
       (10, 'Joycelin', 'Ness', 'jness9@rakuten.co.jp', '586-897-1411', 'bS4}zlOM8nv"', true);

insert into customer (id_user, fname, lname, email, phone, password)
values (11, 'Yehudi', 'Vittery', 'yvitterya@nsw.gov.au', '969-600-0719', 'rO7#G/f?a}KS'),
       (12, 'Hilly', 'Aldis', 'haldisb@so-net.ne.jp', '122-539-1680', 'xM7(#bC<l('),
       (13, 'Yale', 'Sansome', 'ysansomec@e-recht24.de', '493-559-0493', 'mM7%#wnCsNjO=kjY'),
       (14, 'Gilbertine', 'Collopy', 'gcollopyd@ebay.com', '446-319-2807', 'fS1+?Bp,wPPpB'),
       (15, 'Carmella', 'le Keux', 'clekeuxe@twitpic.com', '752-880-7347', 'aC1&NVk_0V{@m');

insert into occupant (id)
values (1),
       (2),
       (3),
       (4),
       (5),
       (6),
       (7),
       (8),
       (9),
       (10),
       (11),
       (12),
       (13);

insert into property_rent (id_property, city, description, categorie, price, address, nb_rooms, nb_bathrooms,
                           nb_parking_space, nb_garages, area, construction_year, rent, max_occupants, agent_id_user,
                           customer_id_user,
                           occupant_id)

values (9292038, 'Montreal',
        'Les conditions de location incluent une enquête de crédit, une assurance de 2,000,000$, un bail commercial préparé par le locateur, l''interdiction de cannabis, l''application des taxes de vente, le paiement du premier et des trois derniers mois de loyer à la signature, et le respect des règlements du bâtiment.',
        'Condo', 800, '320 Victoria Ave', 1, 1, 0, 0, 500, 1975, false, 1, 6, 11, 1),
       (9640892, 'Montreal',
        'Ce penthouse sur deux étages dispose d''une cuisine ouverte avec îlot, 2 chambres fermées, une grande terrasse privée, et est situé près de parcs avec des commodités telles que gym et BBQ sur le toit.',
        'Condo', 2000, '9675 Av. Papineau', 2, 1, 0, 1, 1000, 2020, false, 2, 6, 11, 2),
       (9641462, 'Montreal', 'Maison à louer.', 'House', 2500, '8915 Av. Souligny', 2, 1, 0, 3, 1500, 1980, false, 2, 7,
        12, 3),
       (10211985, 'Montreal',
        'Condo fraîchement rénové avec cuisine ouverte, électroménagers inclus, possibilité de stationnement, internet haute vitesse et thermopompe, situé près du Parc Lafontaine et du métro Mont-Royal.',
        'Condo', 1000, '7101 Av. Marie-G.-Lajoie', 1, 1, 0, 0, 800, 2000, false, 1, 7, 12, 4),
       (10419184, 'Montreal',
        'Condo spacieux avec une grande terrasse privée, 2 chambres, 2 salles de bain, stationnement intérieur, situé dans le prestigieux complexe Le Sanctuaire du Mont-Royal, proche des services et du métro.',
        'Condo', 1200, '6300 Pl. Northcrest', 2, 1, 0, 1, 1400, 2010, false, 2, 8, 13, 5),
       (10733100, 'Montreal', 'Visites uniquement sur rendez-vous, avec un rapport environnemental Phase 1 disponible.',
        'Apartement', 800, '1450 René-Lévesque Blvd W', 1, 1, 0, 0, 900, 1975, false, 1, 8, 13, 6),
       (11066572, 'Montreal', 'Apartement à louer.', 'Apartement', 900, '2110 Rue Caroline Béique', 2, 1, 1, 0, 1100,
        2015, false, 2, 9, 14, 7),
       (11221916, 'Laval', 'Maison à louer.', 'House', 3000, '1581 Av. Lapalme', 4, 3, 2, 6, 1800, 2022, false, 4, 9,
        14, 8),
       (12712833, 'Montreal',
        'Grand appartement rénové avec moulures d''origine, deux pièces doubles, une chambre fermée, deux balcons, idéal pour un couple ou une petite famille, dans un secteur recherché.',
        'Condo', 1500, '2257 Rue des Migrations', 2, 1, 0, 0, 1300, 1960, false, 2, 10, 15, 9),
       (12949071, 'Montreal',
        'Appartement avec des conditions strictes de location, interdisant tabac, animaux, sous-location, et exigeant une enquête de crédit et une assurance responsabilité.',
        'House', 2500, '5124 A Sherbrooke St W', 3, 4, 0, 2, 1900, 1990, false, 3, 10, 15, 10),
       (13313424, 'Montreal',
        'Appartement meublé dans un triplex avec une grande cour privée et une terrasse, offrant un charme rare sur le Plateau Mont-Royal.',
        'House', 1700, '4572 Brebeuf St', 4, 1, 0, 1, 1300, 1975, false, 4, 10, 15, 11),
       (13450135, 'Laval', 'Apartement à louer.', 'Apartement', 750, '3671 Av. Jean-Béraud', 2, 2, 0, 0, 1000, 2000,
        false, 2, 10, 15, 12);

insert into property_sale (id_property, city, description, categorie, price, address, nb_rooms, nb_bathrooms,
                           nb_parking_space, nb_garages, area, construction_year, sold, agent_id_user, customer_id_user)
values (9028802, 'Laval',
        'Cette maison jumelée rénovée en 2022-2023 offre 4 chambres, une cuisine moderne, un sous-sol aménagé, un grand jardin clôturé et est idéalement située dans un quartier familial de Fabreville.',
        'House', 600000, '779 Rue Grégoire', 4, 2, 0, 2, 2000, 1980, false, 6, 11),
       (9435075, 'Montreal',
        'Situé au cœur de Cité Jardin, cet appartement haut de gamme offre une vue sur la montagne et le fleuve, avec deux chambres spacieuses, de nombreuses rénovations, des installations modernes (piscine, spa, gym) et un accès à des parcs, transports et services variés.',
        'Apartement', 450000, '5105 Assomption Blvd', 2, 2, 0, 0, 800, 2000, false, 6, 11),
       (9542070, 'Montreal', 'Condo à vendre.', 'Condo', 500000, '2171 Rue Beaudry', 2, 2, 0, 1, 900, 1995, false, 6,
        11),
       (9739120, 'Montreal',
        'Maison jumelée contemporaine de 2018 avec 3 chambres, 3 salles de bains, une cuisine moderne, une salle familiale spacieuse, une terrasse extérieure, un garage, et située à proximité des services et autoroutes.',
        'House', 700000, '233 100e Avenue', 3, 2, 1, 1, 1500, 2018, false, 6, 11),
       (9853573, 'Montreal',
        'Les visites pour cette propriété commencent le 28 août 2023, avec une condition de préapprobation bancaire et sans possibilité de démolir le bâtiment existant.',
        'Terrain', 100000, '776 5e Avenue', 0, 0, 0, 0, 1556, 2004, false, 6, 11),
       (9981310, 'Montreal',
        'Ce condo rénové propose 3 grandes chambres, 2 salles de bains, cuisine moderne, avec des options de stationnement et locker, ainsi que des installations telles qu''une piscine, sauna, et salle d''exercice.',
        'Condo', 400000, '5120 Earnscliffe', 3, 2, 1, 0, 900, 2005, false, 6, 11),
       (10297060, 'Montreal', 'La chambre est actuellement utilisée comme gym à domicile.', 'Apartement', 350000,
        '4951 Ontario St E', 2, 1, 0, 1, 1000, 1990, false, 6, 11),
       (10302572, 'Laval',
        'Superbe propriété rénovée au bord de l''eau à Repentigny avec 4 chambres, 3 salles de bain, et de grandes pièces lumineuses, située à proximité des commodités et de Montréal.',
        'House', 1000000, '1840 Rue Adolphe-Pinard', 4, 2, 2, 6, 2000, 2007, false, 7, 12),
       (10435909, 'Montreal', 'Maison à vendre.', 'House', 700000, '2780 Sherbrooke St E', 4, 4, 2, 2, 2000, 1997,
        false,
        7, 12),
       (10517543, 'Laval', 'Maison à vendre', 'House', 650000, '680 Boul. Laval', 2, 1, 1, 1, 1000, 1995, false, 7, 12),
       (10613072, 'Montreal',
        'Propriété de villégiature à Orford offrant accès à l''eau, des installations récréatives, et un cadre intime sur un grand terrain boisé, à proximité des pistes de ski et de golf.',
        'Chalet', 900000, '13 Av. Simpson', 3, 3, 1, 10, 3000, 1975, false, 7, 12),
       (10705838, 'Laval',
        'Maison rénovée avec un design moderne, 2 chambres, une piscine creusée, et un emplacement privilégié près des commodités et de l''autoroute, idéale pour les familles.',
        'House', 800000, '251 Rue les Érables', 2, 2, 0, 2, 1600, 2000, false, 7, 12),
       (10999172, 'Laval',
        'Appartements modernes avec balcon, grande fenestration, et isolation maximale, situés près des écoles, commerces, et facilement accessibles aux autoroutes.',
        'House', 1200000, '13652 Rue du Gamay', 5, 3, 0, 2, 1800, 2023, false, 7, 12),
       (11044938, 'Laval',
        'Grange de deux étages et garage chauffé, idéal pour bricoleurs et petits animaux, avec espace de travail et plancher en béton.',
        'Farm', 450000, '4305 Rang du Haut-Saint-François', 3, 3, 1, 10, 3000, 1980, false, 7,
        12),
       (11201518, 'Montreal', 'Condo à vendre.', 'Condo', 350000, '570 Rue Pierre-Tétreault', 2, 1, 0, 0, 1000, 1990,
        false, 8, 13),
       (11429279, 'Montreal', 'Condo à vendre.', 'Condo', 550000, '8144 Rue Foucher', 3, 2, 0, 1, 1200, 1990, false, 8,
        13),
       (11456768, 'Montreal',
        'Penthouse rénové avec cuisine moderne, trois chambres, deux salles de bain, deux balcons privés, et accès à piscine, sauna, et salle de sport, proche de commodités et écoles.',
        'Apartement', 400000, '1509 Sherbrooke St W', 2, 2, 0, 0, 1100, 2010, false, 8, 13),
       (11584989, 'Montreal',
        'Maison au cachet préservé avec un demi-sous-sol lumineux, quatre chambres, des espaces ouverts, une cour intime, et proche des parcs La Fontaine et Jeanne Mance.',
        'House', 450000, '3528 Rue De Bullion', 2, 1, 0, 1, 700, 1980, false, 8, 13),
       (11976638, 'Montreal',
        'Condo spacieux avec 1 chambre, bureau, garage intérieur, terrasse privée, situé à proximité de services et du métro Parc.',
        'Condo', 375000, '7080 Rue Hutchison', 1, 1, 1, 0, 973, 1948, false, 8, 13),
       (12592899, 'Montreal',
        'Appartement modifié avec un boudoir, facilement réversible en chambre, et un bachelor loué au sous-sol.',
        'House', 550000, '6500 Trans Canada Route', 2, 1, 1, 2, 1000, 1965, false, 8, 13),
       (12902245, 'Montreal',
        'Condo dans un immeuble renommé avec services variés, gardien de sécurité 24h, accès à un club privé et des sentiers pédestres, proche de l''UdeM et des hôpitaux.',
        'Apartement', 500000, '6300 Pl. Northcrest', 2, 2, 2, 0, 1400, 2010, false, 8, 13),
       (13130078, 'Laval',
        'Jolie maison de 4 chambres avec une grande cour arrière, récemment rénovée pour une meilleure efficacité énergétique.',
        'House', 600000, '49 Bd Daniel-Johnson', 4, 3, 1, 2, 1700, 1995, false, 9, 14),
       (13168203, 'Montreal',
        'Condo clé en main au Mile-End, avec hauts plafonds, une terrasse privée et proche de nombreux services.',
        'Condo', 300000, '5279 Rue de Séville', 1, 1, 0, 0, 600, 1970, false, 9, 14),
       (13604034, 'Montreal', 'Condo à vendre.', 'Condo', 450000, '7606 Ave 13e', 4, 2, 0, 0, 1250, 1975, false, 9, 14),
       (13816988, 'Laval', 'Condo lumineux avec balcon, grande insonorisation, et proximité des services et écoles.',
        'House', 1200000, '13654 Rue du Gamay', 5, 3, 0, 2, 1800, 2023, false, 9, 14),
       (13966631, 'Laval',
        'Quadruplex spacieux en face d''un parc avec plusieurs logements, parfait pour investisseurs ou propriétaires occupants.',
        'House', 300000, '3551 Rue Charles-Daoust', 3, 1, 0, 2, 1100, 1960, false, 9, 14),
       (14113875, 'Laval',
        'Duplex unique près de l''Université de Montréal, offrant de multiples possibilités avec deux garages.',
        'House', 1500000, '436 Rue Étienne-Lavoie', 9, 4, 0, 1, 2800, 2000, false, 9, 14),
       (14198745, 'Laval',
        'Maison intergénérationnelle sur l''Île Verte à Laval, avec 4 chambres et vue sur l''eau, proche du REM.',
        'House', 700000, '1604 Rue Boisvert', 5, 4, 0, 3, 2300, 2005, false, 10, 15);


insert into image_property (property_rent_id_property, image_link)

values (12712833, 'https://mediaserver.centris.ca/media.ashx?id=ADDED26DC3C10BFDD7169B1D1E&t=pi&f=I'),
       (12712833, 'https://mediaserver.centris.ca/media.ashx?id=ADDED26DC326A85DD7169B1D4A&t=pi&f=I'),
       (12712833, 'https://mediaserver.centris.ca/media.ashx?id=ADDED26DC326A92DD7169B1D2D&t=pi&f=I'),
       (12712833, 'https://mediaserver.centris.ca/media.ashx?id=ADDED26DC326A9CDD7169B1DC4&t=pi&f=I'),
       (12712833, 'https://mediaserver.centris.ca/media.ashx?id=ADDED26DC326A90DD7169B1DEA&t=pi&f=I'),
       (12712833, 'https://mediaserver.centris.ca/media.ashx?id=ADDED26DC32604CDD7169B1DAF&t=pi&f=I'),
       (12712833, 'https://mediaserver.centris.ca/media.ashx?id=ADDED26DC326A86DD7169B1D04&t=pi&f=I'),
       (12712833, 'https://mediaserver.centris.ca/media.ashx?id=ADDED26DC326A9EDD7169B1DB0&t=pi&f=I'),
       (12712833, 'https://mediaserver.centris.ca/media.ashx?id=ADDED26DC32604EDD7169B1DF2&t=pi&f=I'),
       (12712833, 'https://mediaserver.centris.ca/media.ashx?id=ADDED26DC32604ADD7169B1D84&t=pi&f=I'),
       (12712833, 'https://mediaserver.centris.ca/media.ashx?id=ADDED26DC326040DD7169B1D9C&t=pi&f=I'),
       (12712833, 'https://mediaserver.centris.ca/media.ashx?id=ADDED26DC326A9DDD7169B1D72&t=pi&f=I'),
       (12712833, 'https://mediaserver.centris.ca/media.ashx?id=ADDED26DC326A9ADD7169B1D3D&t=pi&f=I'),
       (12949071, 'https://mediaserver.centris.ca/media.ashx?id=ADDED26DC93CF4EDD7EFAC6D1D&t=pi&f=I'),
       (12949071, 'https://mediaserver.centris.ca/media.ashx?id=ADDED26DC93CF4ADD7EFAC6D44&t=pi&f=I'),
       (12949071, 'https://mediaserver.centris.ca/media.ashx?id=ADDED26DC93CFD5DD7EFAC6D2A&t=pi&f=I'),
       (12949071, 'https://mediaserver.centris.ca/media.ashx?id=ADDED26DC93CFD0DD7EFAC6DC2&t=pi&f=I'),
       (12949071, 'https://mediaserver.centris.ca/media.ashx?id=ADDED26DC93CFDBDD7EFAC6DEE&t=pi&f=I'),
       (12949071, 'https://mediaserver.centris.ca/media.ashx?id=ADDED26DC93CFD6DD7EFAC6DAD&t=pi&f=I'),
       (12949071, 'https://mediaserver.centris.ca/media.ashx?id=ADDED26DC93CFDFDD7EFAC6D0B&t=pi&f=I'),
       (12949071, 'https://mediaserver.centris.ca/media.ashx?id=ADDED26DC93CFD9DD7EFAC6DBB&t=pi&f=I'),
       (12949071, 'https://mediaserver.centris.ca/media.ashx?id=ADDED26DC93CFD8DD7EFAC6DFB&t=pi&f=I'),
       (12949071, 'https://mediaserver.centris.ca/media.ashx?id=ADDED26DC93CFD7DD7EFAC6D8B&t=pi&f=I'),
       (12949071, 'https://mediaserver.centris.ca/media.ashx?id=ADDED26DC93CFD3DD7EFAC6D9D&t=pi&f=I'),
       (12949071, 'https://mediaserver.centris.ca/media.ashx?id=ADDED26DC93CF1DDD7EFAC6D74&t=pi&f=I'),
       (12949071, 'https://mediaserver.centris.ca/media.ashx?id=ADDED26DC93CF11DD7EFAC6D3C&t=pi&f=I'),
       (12949071, 'https://mediaserver.centris.ca/media.ashx?id=ADDED26DC93CF14DD7EFAC6D5A&t=pi&f=I'),
       (12949071, 'https://mediaserver.centris.ca/media.ashx?id=ADDED26DC93CF12DD7EFAC6D6B&t=pi&f=I'),
       (12949071, 'https://mediaserver.centris.ca/media.ashx?id=ADDED26DC93CF1CDD7EFAC61DB&t=pi&f=I'),
       (12949071, 'https://mediaserver.centris.ca/media.ashx?id=ADDED26DC93CF1EDD7EFAC611D&t=pi&f=I'),
       (12949071, 'https://mediaserver.centris.ca/media.ashx?id=ADDED26DC93CF1ADD7EFAC6144&t=pi&f=I'),
       (12949071, 'https://mediaserver.centris.ca/media.ashx?id=ADDED26DC93CF10DD7EFAC612C&t=pi&f=I'),
       (12949071, 'https://mediaserver.centris.ca/media.ashx?id=ADDED26DC93CF1BDD7EFAC61CA&t=pi&f=I'),
       (12949071, 'https://mediaserver.centris.ca/media.ashx?id=ADDED26DC93CF1FDD7EFAC61EB&t=pi&f=I'),
       (12949071, 'https://mediaserver.centris.ca/media.ashx?id=ADDED26DC93CF18DD7EFAC61A0&t=pi&f=I'),
       (12949071, 'https://mediaserver.centris.ca/media.ashx?id=ADDED26DC93CF19DD7EFAC610F&t=pi&f=I'),
       (12949071, 'https://mediaserver.centris.ca/media.ashx?id=ADDED26DC93CF17DD7EFAC61B1&t=pi&f=I'),
       (12949071, 'https://mediaserver.centris.ca/media.ashx?id=ADDED26DC93CF13DD7EFAC61F2&t=pi&f=I'),
       (12949071, 'https://mediaserver.centris.ca/media.ashx?id=ADDED26DC93CF15DD7EFAC6184&t=pi&f=I'),
       (12949071, 'https://mediaserver.centris.ca/media.ashx?id=ADDED26DC93CF16DD7EFAC619C&t=pi&f=I'),
       (12949071, 'https://mediaserver.centris.ca/media.ashx?id=ADDED26DC93CF4DDD7EFAC617C&t=pi&f=I'),
       (12949071, 'https://mediaserver.centris.ca/media.ashx?id=ADDED26DC93CF41DD7EFAC613A&t=pi&f=I'),
       (12949071, 'https://mediaserver.centris.ca/media.ashx?id=ADDED26DC93CF44DD7EFAC615B&t=pi&f=I'),
       (12949071, 'https://mediaserver.centris.ca/media.ashx?id=ADDED26DC93CF42DD7EFAC616D&t=pi&f=I'),
       (12949071, 'https://mediaserver.centris.ca/media.ashx?id=ADDED26DC93CF4CDD7EFAC64DD&t=pi&f=I'),
       (12949071, 'https://mediaserver.centris.ca/media.ashx?id=ADDED26DC93CF40DD7EFAC641C&t=pi&f=I'),
       (13313424, 'https://mediaserver.centris.ca/media.ashx?id=ADDED26DC7E0184DD794EFDD11&t=pi&f=I'),
       (13313424, 'https://mediaserver.centris.ca/media.ashx?id=ADDED26DC7E018ADD794EFDD4A&t=pi&f=I'),
       (13313424, 'https://mediaserver.centris.ca/media.ashx?id=ADDED26DC7E018FDD794EFDD2D&t=pi&f=I'),
       (13313424, 'https://mediaserver.centris.ca/media.ashx?id=ADDED26DC7E0187DD794EFDDC1&t=pi&f=I'),
       (13313424, 'https://mediaserver.centris.ca/media.ashx?id=ADDED26DC7E0175DD794EFDDEA&t=pi&f=I'),
       (13313424, 'https://mediaserver.centris.ca/media.ashx?id=ADDED26DC7E019DDD794EFDDAE&t=pi&f=I'),
       (13313424, 'https://mediaserver.centris.ca/media.ashx?id=ADDED26DC7E0194DD794EFDD0B&t=pi&f=I'),
       (13313424, 'https://mediaserver.centris.ca/media.ashx?id=ADDED26DC7E019EDD794EFDDB4&t=pi&f=I'),
       (13313424, 'https://mediaserver.centris.ca/media.ashx?id=ADDED26DC7E019BDD794EFDDFA&t=pi&f=I'),
       (13313424, 'https://mediaserver.centris.ca/media.ashx?id=ADDED26DC7E0197DD794EFDD8E&t=pi&f=I'),
       (13313424, 'https://mediaserver.centris.ca/media.ashx?id=ADDED26DC7E0172DD794EFDD91&t=pi&f=I'),
       (13313424, 'https://mediaserver.centris.ca/media.ashx?id=ADDED26DC7E017FDD794EFDD7B&t=pi&f=I'),
       (13313424, 'https://mediaserver.centris.ca/media.ashx?id=ADDED26DC7E0132DD794EFDD3C&t=pi&f=I'),
       (13313424, 'https://mediaserver.centris.ca/media.ashx?id=ADDED26DC7E0130DD794EFDD5F&t=pi&f=I'),
       (13313424, 'https://mediaserver.centris.ca/media.ashx?id=ADDED26DC7E0196DD794EFDD62&t=pi&f=I'),
       (13313424, 'https://mediaserver.centris.ca/media.ashx?id=ADDED26DC7E0137DD794EFD1D1&t=pi&f=I'),
       (13313424, 'https://mediaserver.centris.ca/media.ashx?id=ADDED26DC7E015DDD794EFD11C&t=pi&f=I'),
       (13313424, 'https://mediaserver.centris.ca/media.ashx?id=ADDED26DC7E015ADD794EFD141&t=pi&f=I'),
       (13313424, 'https://mediaserver.centris.ca/media.ashx?id=ADDED26DC7E0159DD794EFD12C&t=pi&f=I'),
       (13313424, 'https://mediaserver.centris.ca/media.ashx?id=ADDED26DC7E04D2DD794EFD1CD&t=pi&f=I'),
       (13313424, 'https://mediaserver.centris.ca/media.ashx?id=ADDED26DC7E041DDD794EFD1EF&t=pi&f=I'),
       (13450135, 'https://mediaserver.centris.ca/media.ashx?id=ADDED26DC32203FDD7329F0D1E&t=pi&f=I'),
       (13450135, 'https://mediaserver.centris.ca/media.ashx?id=ADDED26DC322038DD7329F0D4C&t=pi&f=I'),
       (13450135, 'https://mediaserver.centris.ca/media.ashx?id=ADDED26DC322039DD7329F0D2A&t=pi&f=I'),
       (13450135, 'https://mediaserver.centris.ca/media.ashx?id=ADDED26DC322037DD7329F0DCB&t=pi&f=I'),
       (13450135, 'https://mediaserver.centris.ca/media.ashx?id=ADDED26DC322033DD7329F0DED&t=pi&f=I'),
       (13450135, 'https://mediaserver.centris.ca/media.ashx?id=ADDED26DC322035DD7329F0DA4&t=pi&f=I'),
       (13450135, 'https://mediaserver.centris.ca/media.ashx?id=ADDED26DC322036DD7329F0D0C&t=pi&f=I'),
       (13450135, 'https://mediaserver.centris.ca/media.ashx?id=ADDED26DC32205DDD7329F0DBC&t=pi&f=I'),
       (13450135, 'https://mediaserver.centris.ca/media.ashx?id=ADDED26DC322051DD7329F0DFA&t=pi&f=I'),
       (13450135, 'https://mediaserver.centris.ca/media.ashx?id=ADDED26DC322054DD7329F0D8E&t=pi&f=I'),
       (13450135, 'https://mediaserver.centris.ca/media.ashx?id=ADDED26DC322052DD7329F0D90&t=pi&f=I'),
       (13450135, 'https://mediaserver.centris.ca/media.ashx?id=ADDED26DC32205CDD7329F0D7F&t=pi&f=I'),
       (13450135, 'https://mediaserver.centris.ca/media.ashx?id=ADDED26DC32205EDD7329F0D31&t=pi&f=I'),
       (13450135, 'https://mediaserver.centris.ca/media.ashx?id=ADDED26DC32205ADD7329F0D52&t=pi&f=I'),
       (13450135, 'https://mediaserver.centris.ca/media.ashx?id=ADDED26DC322050DD7329F0D6E&t=pi&f=I'),
       (13450135, 'https://mediaserver.centris.ca/media.ashx?id=ADDED26DC32205BDD7329F01DE&t=pi&f=I'),
       (13450135, 'https://mediaserver.centris.ca/media.ashx?id=ADDED26DC32205FDD7329F0110&t=pi&f=I'),
       (13450135, 'https://mediaserver.centris.ca/media.ashx?id=ADDED26DC322058DD7329F014A&t=pi&f=I'),
       (13450135, 'https://mediaserver.centris.ca/media.ashx?id=ADDED26DC322059DD7329F012B&t=pi&f=I'),
       (13450135, 'https://mediaserver.centris.ca/media.ashx?id=ADDED26DC322057DD7329F01CD&t=pi&f=I'),
       (13450135, 'https://mediaserver.centris.ca/media.ashx?id=ADDED26DC322055DD7329F01E2&t=pi&f=I'),
       (13450135, 'https://mediaserver.centris.ca/media.ashx?id=ADDED26DC322056DD7329F01AE&t=pi&f=I'),
       (13450135, 'https://mediaserver.centris.ca/media.ashx?id=ADDED26DC32206DDD7329F010E&t=pi&f=I'),
       (13450135, 'https://mediaserver.centris.ca/media.ashx?id=ADDED26DC322061DD7329F01B0&t=pi&f=I'),
       (13450135, 'https://mediaserver.centris.ca/media.ashx?id=ADDED26DC322062DD7329F01FD&t=pi&f=I'),
       (13450135, 'https://mediaserver.centris.ca/media.ashx?id=ADDED26DC32206CDD7329F018F&t=pi&f=I'),
       (13450135, 'https://mediaserver.centris.ca/media.ashx?id=ADDED26DC32206EDD7329F0191&t=pi&f=I');
