insert into admin (id_user, fname, lname, email, phone, password, admin_acces)
values (1, 'Kenny', 'Carrick', 'kcarrick0@epa.gov', '490-922-3063',
        '$2y$10$1p7M.lCfhQ2I.dAq79Cf1eawJ6vEMpv8SZTY.BNS0FPUIAbQK3Ace', true);

insert into agent (id_user, fname, lname, email, phone, password, agent_acces)
values (6, 'Braden', 'Casacchia', 'bcasacchia5@weebly.com', '298-794-7801',
        '$2y$10$VSpglemdXZ6B9sMG9425G.usd8xfKmiAwp5FDWLezVZp3Fo8BXJda', true),
       (7, 'Petra', 'Farrow', 'pfarrow6@t.co', '683-358-0318',
        '$2y$10$V.o23htDskF4diwG9ZENd.JXrS3ieipthBjoHEvGnG0ln9nL5uYg.', true),
       (8, 'Dominica', 'Livock', 'dlivock7@time.com', '509-417-9750',
        '$2y$10$TanMwrAHdws6Ql7lHLPNOOFVmX0aTV3oFVY2WKW53zU.5N/urwIkS', true),
       (9, 'Jenifer', 'Mattschas', 'jmattschas8@meetup.com', '561-626-0046',
        '$2y$10$cCWHKaDLocH23HqKiNj4e.JIg/VX2HKKQJf9RtTP9xWcH7jjDT86.', true),
       (10, 'Joycelin', 'Ness', 'jness9@rakuten.co.jp', '586-897-1411',
        '$2y$10$KcxW9Lk40agCggqRjGzYie4WZ5Pc6Fat6ZuXJGpOlSi9T7A7otzjm', true);

insert into customer (id_user, fname, lname, email, phone, password)
values (11, 'Yehudi', 'Vittery', 'yvitterya@nsw.gov.au', '969-600-0719',
        '$2y$10$DZI6SaQ0vwC8Nu7q1AYeQeBEF2Fdn08GlKgM/cSfU/jFsKV7dYA5K'),
       (12, 'Hilly', 'Aldis', 'haldisb@so-net.ne.jp', '122-539-1680',
        '$2y$10$FBynf9JK4HsOJ/zF78kgne3W7vgAKIYSGHVcGQbJzGLJaHr7zPmia'),
       (13, 'Yale', 'Sansome', 'ysansomec@e-recht24.de', '493-559-0493',
        '$2y$10$HsIKLMpksjdna18LwEG.KueAAMAReggYg12gWv97QvND30tlLSmra'),
       (14, 'Gilbertine', 'Collopy', 'gcollopyd@ebay.com', '446-319-2807',
        '$2y$10$IehgBU9dU0I5VjcypTue6ue7FkWtNhtrERO3LsBVw3pGM/qA4JCBC'),
       (15, 'Carmella', 'le Keux', 'clekeuxe@twitpic.com', '752-880-7347',
        '$2y$10$7cjgKmhcGnUBmtIda9yAj.TeG1kpokld9fDYmrCeWVYaNhkssltQq');

insert into property_rent (id_property, city, description, categorie, price, address, nb_rooms, nb_bathrooms,
                           nb_parking_space, nb_garages, area, construction_year, is_available, max_occupants, agent_id_user,
                           customer_id_user, is_accepted)

VALUES (9292038, 'Montreal',
        'Conditions include a credit check, $2,000,000 insurance, landlord-prepared lease, no cannabis, application of sales tax, first and last three months'' rent due at signing, and compliance with building rules.',
        'Condo', 800, '320 Victoria Ave', 1, 1, 0, 0, 500, 1975, true, 1, 6, 11,  true),
       (9640892, 'Montreal',
        'Two-story penthouse with open kitchen, island, 2 closed bedrooms, large private terrace, located near parks with rooftop gym and BBQ amenities.',
        'Condo', 2000, '9675 Av. Papineau', 2, 1, 0, 1, 1000, 2020, true, 2, 6, 11,  true),
       (9641462, 'Montreal', 'House for rent.', 'House', 2500, '8915 Av. Souligny', 2, 1, 0, 3, 1500, 1980, true, 2, 7,
        12,  true),
       (10211985, 'Montreal',
        'Freshly renovated condo with open kitchen, appliances included, parking option, high-speed internet and heat pump, located near Lafontaine Park and Mont-Royal metro.',
        'Condo', 1000, '7101 Av. Marie-G.-Lajoie', 1, 1, 0, 0, 800, 2000, true, 1, 7, 12,  true),
       (10419184, 'Montreal',
        'Spacious condo with large private terrace, 2 bedrooms, 2 bathrooms, indoor parking, in prestigious Le Sanctuaire du Mont-Royal near metro and amenities.',
        'Condo', 1200, '6300 Pl. Northcrest', 2, 1, 0, 1, 1400, 2010, true, 2, 8, 13,  true),
       (10733100, 'Montreal', 'Viewings by appointment only with Phase 1 environmental report available.', 'Condo', 800,
        '1450 René-Lévesque Blvd W', 1, 1, 0, 0, 900, 1975, true, 1, 8, 13,  true),
       (11066572, 'Montreal', 'Condo for rent.', 'Condo', 900, '2110 Rue Caroline Béique', 2, 1, 1, 0, 1100, 2015,
        true, 2, 9, 14,  true),
       (11221916, 'Laval', 'House for rent.', 'House', 3000, '1581 Av. Lapalme', 4, 3, 2, 6, 1800, 2022, true, 4, 9,
        14,  true),
       (12712833, 'Montreal',
        'Large renovated apartment with original moldings, two double rooms, one closed bedroom, two balconies, ideal for a couple or small family in a sought-after area.',
        'Condo', 1500, '2257 Rue des Migrations', 2, 1, 0, 0, 1300, 1960, true, 2, 10, 15,  true),
       (12949071, 'Montreal',
        'Apartment with strict rental rules prohibiting smoking, pets, subleasing, with mandatory credit check and liability insurance.',
        'House', 2500, '5124 A Sherbrooke St W', 3, 4, 0, 2, 1900, 1990, true, 3, 10, 15,  true),
       (13313424, 'Montreal',
        'Furnished apartment in a triplex with a large private yard and terrace, offering rare charm in Plateau Mont-Royal.',
        'House', 1700, '4572 Brebeuf St', 4, 1, 0, 1, 1300, 1975, true, 4, 10, 15,  true),
       (13450135, 'Laval', 'Condo for rent.', 'Condo', 750, '3671 Av. Jean-Béraud', 2, 2, 0, 0, 1000, 2000, true, 2,
        10, 15,  true);

insert into property_sale (id_property, city, description, categorie, price, address, nb_rooms, nb_bathrooms,
                           nb_parking_space, nb_garages, area, construction_year, is_available, agent_id_user, customer_id_user,
                           is_accepted)

VALUES (9028802, 'Laval',
        'This semi-detached house renovated in 2022-2023 offers 4 bedrooms, a modern kitchen, a finished basement, a large fenced garden, and is ideally located in a family neighborhood in Fabreville.',
        'House', 600000, '779 Rue Grégoire', 4, 2, 0, 2, 2000, 1980, true, 6, 11, true),
       (9435075, 'Montreal',
        'Located in the heart of Cité Jardin, this high-end apartment offers views of the mountain and river, two spacious bedrooms, many renovations, modern facilities (pool, spa, gym) and access to parks, transportation and various services.',
        'Condo', 450000, '5105 Assomption Blvd', 2, 2, 0, 0, 800, 2000, true, 6, 11, true),
       (9542070, 'Montreal', 'Condo for sale.', 'Condo', 500000, '2171 Rue Beaudry', 2, 2, 0, 1, 900, 1995, true, 6,
        11, true),
       (9739120, 'Montreal',
        'Contemporary semi-detached house from 2018 with 3 bedrooms, 3 bathrooms, a modern kitchen, a spacious family room, an outdoor terrace, a garage, and located near services and highways.',
        'House', 700000, '233 100e Avenue', 3, 2, 1, 1, 1500, 2018, true, 6, 11, true),
       (9853573, 'Montreal',
        'Visits for this property start on August 28, 2023, with a mortgage pre-approval condition and no possibility to demolish the existing building.',
        'Terrain', 100000, '776 5e Avenue', 0, 0, 0, 0, 1556, 2004, true, 6, 11, true),
       (9981310, 'Montreal',
        'This renovated condo offers 3 large bedrooms, 2 bathrooms, a modern kitchen, parking and locker options, and facilities such as a pool, sauna, and gym.',
        'Condo', 400000, '5120 Earnscliffe', 3, 2, 1, 0, 900, 2005, true, 6, 11, true),
       (10297060, 'Montreal', 'The bedroom is currently used as a home gym.', 'Condo', 350000, '4951 Ontario St E', 2,
        1, 0, 1, 1000, 1990, true, 6, 11, true),
       (10302572, 'Laval',
        'Superb waterfront renovated property in Repentigny with 4 bedrooms, 3 bathrooms, and large bright rooms, located near amenities and Montreal.',
        'House', 1000000, '1840 Rue Adolphe-Pinard', 4, 2, 2, 6, 2000, 2007, true, 7, 12, true),
       (10435909, 'Montreal', 'House for sale.', 'House', 700000, '2780 Sherbrooke St E', 4, 4, 2, 2, 2000, 1997, true,
        7, 12, true),
       (10517543, 'Laval', 'House for sale.', 'House', 650000, '680 Boul. Laval', 2, 1, 1, 1, 1000, 1995, true, 7, 12,
        true),
       (10613072, 'Montreal',
        'Vacation property in Orford offering access to water, recreational facilities, and an intimate setting on a large wooded lot, near ski slopes and golf.',
        'Chalet', 900000, '13 Av. Simpson', 3, 3, 1, 10, 3000, 1975, true, 7, 12, true),
       (10705838, 'Laval',
        'Renovated house with modern design, 2 bedrooms, an in-ground pool, and a prime location near amenities and highways, ideal for families.',
        'House', 800000, '251 Rue les Érables', 2, 2, 0, 2, 1600, 2000, true, 7, 12, true),
       (10999172, 'Laval',
        'Modern apartments with balconies, large windows, and maximum insulation, located near schools, shops, and easily accessible highways.',
        'House', 1200000, '13652 Rue du Gamay', 5, 3, 0, 2, 1800, 2023, true, 7, 12, true),
       (11044938, 'Laval',
        'Grange de deux étages et garage chauffé, idéal pour bricoleurs et petits animaux, avec espace de travail et plancher en béton.',
        'Farm', 450000, '4305 Rang du Haut-Saint-François', 3, 3, 1, 10, 3000, 1980, true, 7,
        12, true),
       (11201518, 'Montreal', 'Condo à vendre.', 'Condo', 350000, '570 Rue Pierre-Tétreault', 2, 1, 0, 0, 1000, 1990,
        true, 8, 13, true),
       (11429279, 'Montreal', 'Condo à vendre.', 'Condo', 550000, '8144 Rue Foucher', 3, 2, 0, 1, 1200, 1990, true, 8,
        13, true),
       (11456768, 'Montreal',
        'Renovated penthouse with modern kitchen, three bedrooms, two bathrooms, two private balconies, and access to pool, sauna, and gym, near amenities and schools.',
        'Condo', 400000, '1509 Sherbrooke St W', 2, 2, 0, 0, 1100, 2010, true, 8, 13, true),
       (11584989, 'Montreal',
        'House with preserved charm, bright half-basement, four bedrooms, open spaces, intimate yard, and close to La Fontaine and Jeanne Mance parks.',
        'House', 450000, '3528 Rue De Bullion', 2, 1, 0, 1, 700, 1980, true, 8, 13, true),
       (11976638, 'Montreal',
        'Spacious condo with 1 bedroom, office, indoor garage, private terrace, close to services and Parc metro.',
        'Condo', 375000, '7080 Rue Hutchison', 1, 1, 1, 0, 973, 1948, true, 8, 13, true),
       (12592899, 'Montreal',
        'Modified apartment with a boudoir easily convertible into a bedroom, and a rented bachelor apartment in the basement.',
        'House', 550000, '6500 Trans Canada Route', 2, 1, 1, 2, 1000, 1965, true, 8, 13, true),
       (12902245, 'Montreal',
        'Condo in a renowned building with various services, 24-hour security, access to a private club and pedestrian paths, near UdeM and hospitals.',
        'Condo', 500000, '6300 Pl. Northcrest', 2, 2, 2, 0, 1400, 2010, true, 8, 13, true),
       (13130078, 'Laval',
        'Pretty 4-bedroom house with a large backyard, recently renovated for better energy efficiency.', 'House',
        600000, '49 Bd Daniel-Johnson', 4, 3, 1, 2, 1700, 1995, true, 9, 14, true),
       (13168203, 'Montreal',
        'Turnkey condo in Mile-End, with high ceilings, a private terrace, and close to many services.', 'Condo',
        300000, '5279 Rue de Séville', 1, 1, 0, 0, 600, 1970, true, 9, 14, true),
       (13604034, 'Montreal', 'Condo for sale.', 'Condo', 450000, '7606 Ave 13e', 4, 2, 0, 0, 1250, 1975, true, 9, 14,
        true),
       (13816988, 'Laval', 'Bright condo with balcony, great soundproofing, and proximity to services and schools.',
        'House', 1200000, '13654 Rue du Gamay', 5, 3, 0, 2, 1800, 2023, true, 9, 14, true),
       (13966631, 'Laval',
        'Spacious quadruplex facing a park with several apartments, perfect for investors or owner-occupants.', 'House',
        300000, '3551 Rue Charles-Daoust', 3, 1, 0, 2, 1100, 1960, true, 9, 14, true),
       (14113875, 'Laval',
        'Unique duplex near Université de Montréal offering multiple possibilities with two garages.', 'House', 1500000,
        '436 Rue Étienne-Lavoie', 9, 4, 0, 1, 2800, 2000, true, 9, 14, true),
       (14198745, 'Laval',
        'Intergenerational house on Île Verte in Laval, with 4 bedrooms and waterfront view, near REM.', 'House',
        700000, '1604 Rue Boisvert', 5, 4, 0, 3, 2300, 2005, true, 10, 15, true);

insert into image_property_rent (property_rent_id_property, image_link)

values (9292038, 'https://mediaserver.centris.ca/media.ashx?id=ADDED26DC86C02EDDB37FDAD10&t=pi&f=I'),
       (9292038, 'https://mediaserver.centris.ca/media.ashx?id=ADDED26DC86C02ADDB37FDAD4F&t=pi&f=I'),
       (9292038, 'https://mediaserver.centris.ca/media.ashx?id=ADDED26DC86C02FDDB37FDAD22&t=pi&f=I'),
       (9292038, 'https://mediaserver.centris.ca/media.ashx?id=ADDED26DC86C028DDB37FDADC4&t=pi&f=I'),
       (9292038, 'https://mediaserver.centris.ca/media.ashx?id=ADDED26DC86C029DDB37FDADEC&t=pi&f=I'),
       (9292038, 'https://mediaserver.centris.ca/media.ashx?id=ADDED26DC86C027DDB37FDADAA&t=pi&f=I'),
       (9292038, 'https://mediaserver.centris.ca/media.ashx?id=ADDED26DC86C023DDB37FDAD0B&t=pi&f=I'),
       (9292038, 'https://mediaserver.centris.ca/media.ashx?id=ADDED26DC86C025DDB37FDADBD&t=pi&f=I'),
       (9640892, 'https://mediaserver.centris.ca/media.ashx?id=ADDED26DC343064DDF21997D1B&t=pi&f=I'),
       (9640892, 'https://mediaserver.centris.ca/media.ashx?id=ADDED26DC343062DDF21997D4D&t=pi&f=I'),
       (9640892, 'https://mediaserver.centris.ca/media.ashx?id=ADDED26DC34306CDDF21997D24&t=pi&f=I'),
       (9640892, 'https://mediaserver.centris.ca/media.ashx?id=ADDED26DC34306DDDF21997DCF&t=pi&f=I'),
       (9640892, 'https://mediaserver.centris.ca/media.ashx?id=ADDED26DC34306EDDF21997DEE&t=pi&f=I'),
       (9640892, 'https://mediaserver.centris.ca/media.ashx?id=ADDED26DC343060DDF21997DAB&t=pi&f=I'),
       (9640892, 'https://mediaserver.centris.ca/media.ashx?id=ADDED26DC343061DDF21997D02&t=pi&f=I'),
       (9640892, 'https://mediaserver.centris.ca/media.ashx?id=ADDED26DC34306BDDF21997DB1&t=pi&f=I'),
       (9640892, 'https://mediaserver.centris.ca/media.ashx?id=ADDED26DC9E4CC3DDF21997DFA&t=pi&f=I'),
       (9640892, 'https://mediaserver.centris.ca/media.ashx?id=ADDED26DC9E4CC5DDF21997D8E&t=pi&f=I'),
       (9640892, 'https://mediaserver.centris.ca/media.ashx?id=ADDED26DC9E4CC6DDF21997D90&t=pi&f=I'),
       (9640892, 'https://mediaserver.centris.ca/media.ashx?id=ADDED26DC9E4CEDDDF21997D70&t=pi&f=I'),
       (9640892, 'https://mediaserver.centris.ca/media.ashx?id=ADDED26DC9E4CE1DDF21997D3F&t=pi&f=I'),
       (9640892, 'https://mediaserver.centris.ca/media.ashx?id=ADDED26DC9E4CE4DDF21997D51&t=pi&f=I'),
       (9641462, 'https://mediaserver.centris.ca/media.ashx?id=ADDED26DC7C040EDDF2136AD14&t=pi&f=I'),
       (9641462, 'https://mediaserver.centris.ca/media.ashx?id=ADDED26DC7C0C21DDF2136AD40&t=pi&f=I'),
       (9641462, 'https://mediaserver.centris.ca/media.ashx?id=ADDED26DC7C0C2EDDF2136AD24&t=pi&f=I'),
       (9641462, 'https://mediaserver.centris.ca/media.ashx?id=ADDED26DC7C0C2ADDF2136ADCC&t=pi&f=I'),
       (9641462, 'https://mediaserver.centris.ca/media.ashx?id=ADDED26DC7C0C20DDF2136ADEA&t=pi&f=I'),
       (9641462, 'https://mediaserver.centris.ca/media.ashx?id=ADDED26DC7C0C2BDDF2136ADAB&t=pi&f=I'),
       (9641462, 'https://mediaserver.centris.ca/media.ashx?id=ADDED26DC7C0C28DDF2136AD0B&t=pi&f=I'),
       (9641462, 'https://mediaserver.centris.ca/media.ashx?id=ADDED26DC7C0C45DDF2136ADB4&t=pi&f=I'),
       (9641462, 'https://mediaserver.centris.ca/media.ashx?id=ADDED26DC7C0C46DDF2136ADFC&t=pi&f=I'),
       (9641462, 'https://mediaserver.centris.ca/media.ashx?id=ADDED26DC7C0C47DDF2136AD8F&t=pi&f=I'),
       (9641462, 'https://mediaserver.centris.ca/media.ashx?id=ADDED26DC7C0C42DDF2136AD9C&t=pi&f=I'),
       (9641462, 'https://mediaserver.centris.ca/media.ashx?id=ADDED26DC7C0C4CDDF2136AD7A&t=pi&f=I'),
       (9641462, 'https://mediaserver.centris.ca/media.ashx?id=ADDED26DC7C0C4EDDF2136AD3B&t=pi&f=I'),
       (9641462, 'https://mediaserver.centris.ca/media.ashx?id=ADDED26DC7C0C40DDF2136AD51&t=pi&f=I'),
       (9641462, 'https://mediaserver.centris.ca/media.ashx?id=ADDED26DC7C0C4BDDF2136AD62&t=pi&f=I'),
       (9641462, 'https://mediaserver.centris.ca/media.ashx?id=ADDED26DC7C0C4FDDF2136A1D2&t=pi&f=I'),
       (9641462, 'https://mediaserver.centris.ca/media.ashx?id=ADDED26DC7C0C29DDF2136A11C&t=pi&f=I'),
       (9641462, 'https://mediaserver.centris.ca/media.ashx?id=ADDED26DC7C0C23DDF2136A140&t=pi&f=I'),
       (9641462, 'https://mediaserver.centris.ca/media.ashx?id=ADDED26DC7C0C22DDF2136A121&t=pi&f=I'),
       (9641462, 'https://mediaserver.centris.ca/media.ashx?id=ADDED26DC7C0C25DDF2136A1CD&t=pi&f=I'),
       (9641462, 'https://mediaserver.centris.ca/media.ashx?id=ADDED26DC7C0CCDDDF2136A1E1&t=pi&f=I'),
       (9641462, 'https://mediaserver.centris.ca/media.ashx?id=ADDED26DC7C0C48DDF2136A1A0&t=pi&f=I'),
       (9641462, 'https://mediaserver.centris.ca/media.ashx?id=ADDED26DC7C0C24DDF2136A10C&t=pi&f=I'),
       (10211985, 'https://mediaserver.centris.ca/media.ashx?id=ADDED26DC311977DDF934F1D1C&t=pi&f=I'),
       (10211985, 'https://mediaserver.centris.ca/media.ashx?id=ADDED26DC311938DDF934F1D4C&t=pi&f=I'),
       (10211985, 'https://mediaserver.centris.ca/media.ashx?id=ADDED26DC311979DDF934F1D2E&t=pi&f=I'),
       (10211985, 'https://mediaserver.centris.ca/media.ashx?id=ADDED26DC311932DDF934F1DC4&t=pi&f=I'),
       (10211985, 'https://mediaserver.centris.ca/media.ashx?id=ADDED26DC311939DDF934F1DEB&t=pi&f=I'),
       (10211985, 'https://mediaserver.centris.ca/media.ashx?id=ADDED26DC7C98A5DDF934F1DAA&t=pi&f=I'),
       (10211985, 'https://mediaserver.centris.ca/media.ashx?id=ADDED26DC311933DDF934F1D04&t=pi&f=I'),
       (10419184, 'https://mediaserver.centris.ca/media.ashx?id=ADDED26DC704511DDF5696DD1D&t=pi&f=I'),
       (10419184, 'https://mediaserver.centris.ca/media.ashx?id=ADDED26DC89F1A3DDF5696DD41&t=pi&f=I'),
       (10419184, 'https://mediaserver.centris.ca/media.ashx?id=ADDED26DC89F1AFDDF5696DD21&t=pi&f=I'),
       (10419184, 'https://mediaserver.centris.ca/media.ashx?id=ADDED26DC89F1ACDDF5696DDC0&t=pi&f=I'),
       (10419184, 'https://mediaserver.centris.ca/media.ashx?id=ADDED26DC89F1AEDDF5696DDEF&t=pi&f=I'),
       (10419184, 'https://mediaserver.centris.ca/media.ashx?id=ADDED26DC89B9CADDF5696DDAE&t=pi&f=I'),
       (10419184, 'https://mediaserver.centris.ca/media.ashx?id=ADDED26DC89B9CCDDF5696DD0C&t=pi&f=I'),
       (10419184, 'https://mediaserver.centris.ca/media.ashx?id=ADDED26DC89B9CEDDF5696DDBA&t=pi&f=I'),
       (10419184, 'https://mediaserver.centris.ca/media.ashx?id=ADDED26DC89B9C0DDF5696DDFF&t=pi&f=I'),
       (10419184, 'https://mediaserver.centris.ca/media.ashx?id=ADDED26DC89B9CBDDF5696DD8B&t=pi&f=I'),
       (10419184, 'https://mediaserver.centris.ca/media.ashx?id=ADDED26DC89B9CFDDF5696DD9D&t=pi&f=I'),
       (10419184, 'https://mediaserver.centris.ca/media.ashx?id=ADDED26DC89B9C8DDF5696DD7F&t=pi&f=I'),
       (10419184, 'https://mediaserver.centris.ca/media.ashx?id=ADDED26DC89B9C9DDF5696DD31&t=pi&f=I'),
       (10419184, 'https://mediaserver.centris.ca/media.ashx?id=ADDED26DC89B9C7DDF5696DD52&t=pi&f=I'),
       (10419184, 'https://mediaserver.centris.ca/media.ashx?id=ADDED26DC89B9C3DDF5696DD6E&t=pi&f=I'),
       (10419184, 'https://mediaserver.centris.ca/media.ashx?id=ADDED26DC89B9C5DDF5696D1DE&t=pi&f=I'),
       (10419184, 'https://mediaserver.centris.ca/media.ashx?id=ADDED26DC89B9C6DDF5696D110&t=pi&f=I'),
       (10419184, 'https://mediaserver.centris.ca/media.ashx?id=ADDED26DC70451BDDF5696D14F&t=pi&f=I'),
       (10419184, 'https://mediaserver.centris.ca/media.ashx?id=ADDED26DC89F10ADDF5696D12D&t=pi&f=I'),
       (10419184, 'https://mediaserver.centris.ca/media.ashx?id=ADDED26DC89B9EDDDF5696D1CF&t=pi&f=I'),
       (10419184, 'https://mediaserver.centris.ca/media.ashx?id=ADDED26DC89B9ECDDF5696D1EC&t=pi&f=I'),
       (10419184, 'https://mediaserver.centris.ca/media.ashx?id=ADDED26DC89F10EDDF5696D1A4&t=pi&f=I'),
       (10419184, 'https://mediaserver.centris.ca/media.ashx?id=ADDED26DC89F100DDF5696D10E&t=pi&f=I'),
       (10419184, 'https://mediaserver.centris.ca/media.ashx?id=ADDED26DC89B9E4DDF5696D1BE&t=pi&f=I'),
       (10419184, 'https://mediaserver.centris.ca/media.ashx?id=ADDED26DC89F1A7DDF5696D1FB&t=pi&f=I'),
       (10419184, 'https://mediaserver.centris.ca/media.ashx?id=ADDED26DC89F1A5DDF5696D18B&t=pi&f=I'),
       (10419184, 'https://mediaserver.centris.ca/media.ashx?id=ADDED26DC89F1A8DDF5696D19E&t=pi&f=I'),
       (10419184, 'https://mediaserver.centris.ca/media.ashx?id=ADDED26DC89F1A9DDF5696D170&t=pi&f=I'),
       (10419184, 'https://mediaserver.centris.ca/media.ashx?id=ADDED26DC70451FDDF5696D13B&t=pi&f=I'),
       (10733100, 'https://mediaserver.centris.ca/media.ashx?id=ADDED26DC23CEDCDD827A47D1F&t=pi&f=I'),
       (10733100, 'https://mediaserver.centris.ca/media.ashx?id=ADDED26DC23CEDEDD827A47D41&t=pi&f=I'),
       (10733100, 'https://mediaserver.centris.ca/media.ashx?id=ADDED26DC23CED2DD827A47D2D&t=pi&f=I'),
       (10733100, 'https://mediaserver.centris.ca/media.ashx?id=ADDED26DC258B69DD827A47DCE&t=pi&f=I'),
       (10733100, 'https://mediaserver.centris.ca/media.ashx?id=ADDED26DC0A4971DD8ADF8ED1C&t=pi&f=I'),
       (10733100, 'https://mediaserver.centris.ca/media.ashx?id=ADDED26DC0A4974DD8ADF8ED4A&t=pi&f=I'),
       (10733100, 'https://mediaserver.centris.ca/media.ashx?id=ADDED26DC0A4972DD8ADF8ED2B&t=pi&f=I'),
       (10733100, 'https://mediaserver.centris.ca/media.ashx?id=ADDED26DC0A493DDD8ADF8EDC0&t=pi&f=I'),
       (10733100, 'https://mediaserver.centris.ca/media.ashx?id=ADDED26DC0A4931DD8ADF8EDEF&t=pi&f=I'),
       (10733100, 'https://mediaserver.centris.ca/media.ashx?id=ADDED26DC0A4934DD8ADF8EDA1&t=pi&f=I'),
       (10733100, 'https://mediaserver.centris.ca/media.ashx?id=ADDED26DC0A4932DD8ADF8ED02&t=pi&f=I'),
       (10733100, 'https://mediaserver.centris.ca/media.ashx?id=ADDED26DC0A493CDD8ADF8EDBE&t=pi&f=I'),
       (10733100, 'https://mediaserver.centris.ca/media.ashx?id=ADDED26DC0A493EDD8ADF8EDF0&t=pi&f=I'),
       (10733100, 'https://mediaserver.centris.ca/media.ashx?id=ADDED26DC0A493ADD8ADF8ED8A&t=pi&f=I'),
       (10733100, 'https://mediaserver.centris.ca/media.ashx?id=ADDED26DC0A4930DD8ADF8ED9B&t=pi&f=I'),
       (10733100, 'https://mediaserver.centris.ca/media.ashx?id=ADDED26DC0A493BDD8ADF8ED7D&t=pi&f=I'),
       (10733100, 'https://mediaserver.centris.ca/media.ashx?id=ADDED26DC0A493FDD8ADF8ED34&t=pi&f=I'),
       (10733100, 'https://mediaserver.centris.ca/media.ashx?id=ADDED26DC0A4938DD8ADF8ED51&t=pi&f=I'),
       (10733100, 'https://mediaserver.centris.ca/media.ashx?id=ADDED26DC0A4939DD8ADF8ED62&t=pi&f=I'),
       (10733100, 'https://mediaserver.centris.ca/media.ashx?id=ADDED26DC0A4937DD8ADF8E1D2&t=pi&f=I'),
       (10733100, 'https://mediaserver.centris.ca/media.ashx?id=ADDED26DC0A4933DD8ADF8E11E&t=pi&f=I'),
       (10733100, 'https://mediaserver.centris.ca/media.ashx?id=ADDED26DC0A4935DD8ADF8E140&t=pi&f=I'),
       (11066572, 'https://mediaserver.centris.ca/media.ashx?id=ADDED26DC70EA4ADD8B3777D1C&t=pi&f=I'),
       (11066572, 'https://mediaserver.centris.ca/media.ashx?id=ADDED26DC709BD8DD8B3777D4F&t=pi&f=I'),
       (11066572, 'https://mediaserver.centris.ca/media.ashx?id=ADDED26DC70EA47DD8B3777D2F&t=pi&f=I'),
       (11066572, 'https://mediaserver.centris.ca/media.ashx?id=ADDED26DC70EA43DD8B3777DC1&t=pi&f=I'),
       (11066572, 'https://mediaserver.centris.ca/media.ashx?id=ADDED26DC70EA4FDD8B3777DE1&t=pi&f=I'),
       (11066572, 'https://mediaserver.centris.ca/media.ashx?id=ADDED26DC709BDBDD8B3777DAC&t=pi&f=I'),
       (11066572, 'https://mediaserver.centris.ca/media.ashx?id=ADDED26DC70EA2DDD8B3777D0E&t=pi&f=I'),
       (11066572, 'https://mediaserver.centris.ca/media.ashx?id=ADDED26DC70EA4BDD8B3777DB2&t=pi&f=I'),
       (11066572, 'https://mediaserver.centris.ca/media.ashx?id=ADDED26DC70EA45DD8B3777DF0&t=pi&f=I'),
       (11066572, 'https://mediaserver.centris.ca/media.ashx?id=ADDED26DC70EA46DD8B3777D8A&t=pi&f=I'),
       (11066572, 'https://mediaserver.centris.ca/media.ashx?id=ADDED26DC70EA21DD8B3777D90&t=pi&f=I'),
       (11066572, 'https://mediaserver.centris.ca/media.ashx?id=ADDED26DC70EA24DD8B3777D7F&t=pi&f=I'),
       (11066572, 'https://mediaserver.centris.ca/media.ashx?id=ADDED26DC70EA2EDD8B3777D32&t=pi&f=I'),
       (11066572, 'https://mediaserver.centris.ca/media.ashx?id=ADDED26DC70EA22DD8B3777D54&t=pi&f=I'),
       (11066572, 'https://mediaserver.centris.ca/media.ashx?id=ADDED26DC70EA2CDD8B3777D6C&t=pi&f=I'),
       (11221916, 'https://mediaserver.centris.ca/media.ashx?id=ADDED26DC8E2FFBDD8929F7D42&t=pi&f=I'),
       (11221916, 'https://mediaserver.centris.ca/media.ashx?id=ADDED26DC8E2FFFDD8929F7D2E&t=pi&f=I'),
       (11221916, 'https://mediaserver.centris.ca/media.ashx?id=ADDED26DC8A71A0DD8929F7DCD&t=pi&f=I'),
       (11221916, 'https://mediaserver.centris.ca/media.ashx?id=ADDED26DC8A71ABDD8929F7DE4&t=pi&f=I'),
       (11221916, 'https://mediaserver.centris.ca/media.ashx?id=ADDED26DC8E2F92DD8929F7DA1&t=pi&f=I'),
       (11221916, 'https://mediaserver.centris.ca/media.ashx?id=ADDED26DC8E2F9CDD8929F7D02&t=pi&f=I'),
       (11221916, 'https://mediaserver.centris.ca/media.ashx?id=ADDED26DC8E2F90DD8929F7DB0&t=pi&f=I'),
       (11221916, 'https://mediaserver.centris.ca/media.ashx?id=ADDED26DC8E2F7ADD8929F7DFB&t=pi&f=I'),
       (11221916, 'https://mediaserver.centris.ca/media.ashx?id=ADDED26DC8E2F7FDD8929F7D8F&t=pi&f=I'),
       (11221916, 'https://mediaserver.centris.ca/media.ashx?id=ADDED26DC8E2F78DD8929F7D9B&t=pi&f=I'),
       (11221916, 'https://mediaserver.centris.ca/media.ashx?id=ADDED26DC8E2F79DD8929F7D7D&t=pi&f=I'),
       (11221916, 'https://mediaserver.centris.ca/media.ashx?id=ADDED26DC8E2F77DD8929F7D34&t=pi&f=I'),
       (11221916, 'https://mediaserver.centris.ca/media.ashx?id=ADDED26DC8E2F55DD8929F7D50&t=pi&f=I'),
       (11221916, 'https://mediaserver.centris.ca/media.ashx?id=ADDED26DC8E2F58DD8929F7D6C&t=pi&f=I'),
       (11221916, 'https://mediaserver.centris.ca/media.ashx?id=ADDED26DC8E2F53DD8929F71DA&t=pi&f=I'),
       (11221916, 'https://mediaserver.centris.ca/media.ashx?id=ADDED26DC8E2F56DD8929F711F&t=pi&f=I'),
       (11221916, 'https://mediaserver.centris.ca/media.ashx?id=ADDED26DC8E28D8DD8929F7144&t=pi&f=I'),
       (11221916, 'https://mediaserver.centris.ca/media.ashx?id=ADDED26DC8E28D9DD8929F712C&t=pi&f=I'),
       (11221916, 'https://mediaserver.centris.ca/media.ashx?id=ADDED26DC8E28D7DD8929F71CA&t=pi&f=I'),
       (11221916, 'https://mediaserver.centris.ca/media.ashx?id=ADDED26DC8E28D3DD8929F71EB&t=pi&f=I'),
       (11221916, 'https://mediaserver.centris.ca/media.ashx?id=ADDED26DC8E28D5DD8929F71AD&t=pi&f=I'),
       (11221916, 'https://mediaserver.centris.ca/media.ashx?id=ADDED26DC8E28D6DD8929F7104&t=pi&f=I'),
       (11221916, 'https://mediaserver.centris.ca/media.ashx?id=ADDED26DC8E281DDD8929F71B4&t=pi&f=I'),
       (11221916, 'https://mediaserver.centris.ca/media.ashx?id=ADDED26DC8E2820DD8929F71F4&t=pi&f=I'),
       (11221916, 'https://mediaserver.centris.ca/media.ashx?id=ADDED26DC8E282BDD8929F7181&t=pi&f=I'),
       (11221916, 'https://mediaserver.centris.ca/media.ashx?id=ADDED26DC8E28CCDD8929F719F&t=pi&f=I'),
       (11221916, 'https://mediaserver.centris.ca/media.ashx?id=ADDED26DC8E28E4DD8929F717F&t=pi&f=I'),
       (11221916, 'https://mediaserver.centris.ca/media.ashx?id=ADDED26DC8E28E2DD8929F7131&t=pi&f=I'),
       (11221916, 'https://mediaserver.centris.ca/media.ashx?id=ADDED26DC8E28E3DD8929F715F&t=pi&f=I'),
       (11221916, 'https://mediaserver.centris.ca/media.ashx?id=ADDED26DC8E28E5DD8929F7161&t=pi&f=I'),
       (12712833, 'https://mediaserver.centris.ca/media.ashx?id=ADDED26DC3C10BFDD7169B1D1E&t=pi&f=I'),
       (12712833, 'https://mediaserver.centris.ca/media.ashx?id=ADDED26DC326A85DD7169B1D4A&t=pi&f=I'),
       (12712833, 'https://mediaserver.centris.ca/media.ashx?id=ADDED26DC326A92DD7169B1D2D&t=pi&f=I'),
       (12712833, 'https://mediaserver.centris.ca/media.ashx?id=ADDED26DC326A9CDD7169B1DC4&t=pi&f=I'),
       (12712833, 'https://mediaserver.centris.ca/media.ashx?id=ADDED26DC326A90DD7169B1DEA&t=pi&f=I'),
       (12712833, 'https://mediaserver.centris.ca/media.ashx?id=ADDED26DC32604CDD7169B1DAF&t=pi&f=I'),
       (12712833, 'https://mediaserver.centris.ca/media.ashx?id=ADDED26DC326A86DD7169B1D04&t=pi&f=I'),
       (12712833, 'https://mediaserver.centris.ca/media.ashx?id=ADDED26DC326A9EDD7169B1DB0&t=pi&f=I'),
       (12712833, 'https://mediaserver.centris.ca/media.ashx?id=ADDED26DC32604EDD7169B1DF2&t=pi&f=I'),
       (12712833, 'https://mediaserver.centris.ca/media.ashx?id=ADDED26DC32604ADD7169B1D84&t=pi&f=I'),
       (12712833, 'https://mediaserver.centris.ca/media.ashx?id=ADDED26DC326040DD7169B1D9C&t=pi&f=I'),
       (12712833, 'https://mediaserver.centris.ca/media.ashx?id=ADDED26DC326A9DDD7169B1D72&t=pi&f=I'),
       (12712833, 'https://mediaserver.centris.ca/media.ashx?id=ADDED26DC326A9ADD7169B1D3D&t=pi&f=I'),
       (12949071, 'https://mediaserver.centris.ca/media.ashx?id=ADDED26DC93CF4EDD7EFAC6D1D&t=pi&f=I'),
       (12949071, 'https://mediaserver.centris.ca/media.ashx?id=ADDED26DC93CF4ADD7EFAC6D44&t=pi&f=I'),
       (12949071, 'https://mediaserver.centris.ca/media.ashx?id=ADDED26DC93CFD5DD7EFAC6D2A&t=pi&f=I'),
       (12949071, 'https://mediaserver.centris.ca/media.ashx?id=ADDED26DC93CFD0DD7EFAC6DC2&t=pi&f=I'),
       (12949071, 'https://mediaserver.centris.ca/media.ashx?id=ADDED26DC93CFDBDD7EFAC6DEE&t=pi&f=I'),
       (12949071, 'https://mediaserver.centris.ca/media.ashx?id=ADDED26DC93CFD6DD7EFAC6DAD&t=pi&f=I'),
       (12949071, 'https://mediaserver.centris.ca/media.ashx?id=ADDED26DC93CFDFDD7EFAC6D0B&t=pi&f=I'),
       (12949071, 'https://mediaserver.centris.ca/media.ashx?id=ADDED26DC93CFD9DD7EFAC6DBB&t=pi&f=I'),
       (12949071, 'https://mediaserver.centris.ca/media.ashx?id=ADDED26DC93CFD8DD7EFAC6DFB&t=pi&f=I'),
       (12949071, 'https://mediaserver.centris.ca/media.ashx?id=ADDED26DC93CFD7DD7EFAC6D8B&t=pi&f=I'),
       (12949071, 'https://mediaserver.centris.ca/media.ashx?id=ADDED26DC93CFD3DD7EFAC6D9D&t=pi&f=I'),
       (12949071, 'https://mediaserver.centris.ca/media.ashx?id=ADDED26DC93CF1DDD7EFAC6D74&t=pi&f=I'),
       (12949071, 'https://mediaserver.centris.ca/media.ashx?id=ADDED26DC93CF11DD7EFAC6D3C&t=pi&f=I'),
       (12949071, 'https://mediaserver.centris.ca/media.ashx?id=ADDED26DC93CF14DD7EFAC6D5A&t=pi&f=I'),
       (12949071, 'https://mediaserver.centris.ca/media.ashx?id=ADDED26DC93CF12DD7EFAC6D6B&t=pi&f=I'),
       (12949071, 'https://mediaserver.centris.ca/media.ashx?id=ADDED26DC93CF1CDD7EFAC61DB&t=pi&f=I'),
       (12949071, 'https://mediaserver.centris.ca/media.ashx?id=ADDED26DC93CF1EDD7EFAC611D&t=pi&f=I'),
       (12949071, 'https://mediaserver.centris.ca/media.ashx?id=ADDED26DC93CF1ADD7EFAC6144&t=pi&f=I'),
       (12949071, 'https://mediaserver.centris.ca/media.ashx?id=ADDED26DC93CF10DD7EFAC612C&t=pi&f=I'),
       (12949071, 'https://mediaserver.centris.ca/media.ashx?id=ADDED26DC93CF1BDD7EFAC61CA&t=pi&f=I'),
       (12949071, 'https://mediaserver.centris.ca/media.ashx?id=ADDED26DC93CF1FDD7EFAC61EB&t=pi&f=I'),
       (12949071, 'https://mediaserver.centris.ca/media.ashx?id=ADDED26DC93CF18DD7EFAC61A0&t=pi&f=I'),
       (12949071, 'https://mediaserver.centris.ca/media.ashx?id=ADDED26DC93CF19DD7EFAC610F&t=pi&f=I'),
       (12949071, 'https://mediaserver.centris.ca/media.ashx?id=ADDED26DC93CF17DD7EFAC61B1&t=pi&f=I'),
       (12949071, 'https://mediaserver.centris.ca/media.ashx?id=ADDED26DC93CF13DD7EFAC61F2&t=pi&f=I'),
       (12949071, 'https://mediaserver.centris.ca/media.ashx?id=ADDED26DC93CF15DD7EFAC6184&t=pi&f=I'),
       (12949071, 'https://mediaserver.centris.ca/media.ashx?id=ADDED26DC93CF16DD7EFAC619C&t=pi&f=I'),
       (12949071, 'https://mediaserver.centris.ca/media.ashx?id=ADDED26DC93CF4DDD7EFAC617C&t=pi&f=I'),
       (12949071, 'https://mediaserver.centris.ca/media.ashx?id=ADDED26DC93CF41DD7EFAC613A&t=pi&f=I'),
       (12949071, 'https://mediaserver.centris.ca/media.ashx?id=ADDED26DC93CF44DD7EFAC615B&t=pi&f=I'),
       (12949071, 'https://mediaserver.centris.ca/media.ashx?id=ADDED26DC93CF42DD7EFAC616D&t=pi&f=I'),
       (12949071, 'https://mediaserver.centris.ca/media.ashx?id=ADDED26DC93CF4CDD7EFAC64DD&t=pi&f=I'),
       (12949071, 'https://mediaserver.centris.ca/media.ashx?id=ADDED26DC93CF40DD7EFAC641C&t=pi&f=I'),
       (13313424, 'https://mediaserver.centris.ca/media.ashx?id=ADDED26DC7E0184DD794EFDD11&t=pi&f=I'),
       (13313424, 'https://mediaserver.centris.ca/media.ashx?id=ADDED26DC7E018ADD794EFDD4A&t=pi&f=I'),
       (13313424, 'https://mediaserver.centris.ca/media.ashx?id=ADDED26DC7E018FDD794EFDD2D&t=pi&f=I'),
       (13313424, 'https://mediaserver.centris.ca/media.ashx?id=ADDED26DC7E0187DD794EFDDC1&t=pi&f=I'),
       (13313424, 'https://mediaserver.centris.ca/media.ashx?id=ADDED26DC7E0175DD794EFDDEA&t=pi&f=I'),
       (13313424, 'https://mediaserver.centris.ca/media.ashx?id=ADDED26DC7E019DDD794EFDDAE&t=pi&f=I'),
       (13313424, 'https://mediaserver.centris.ca/media.ashx?id=ADDED26DC7E0194DD794EFDD0B&t=pi&f=I'),
       (13313424, 'https://mediaserver.centris.ca/media.ashx?id=ADDED26DC7E019EDD794EFDDB4&t=pi&f=I'),
       (13313424, 'https://mediaserver.centris.ca/media.ashx?id=ADDED26DC7E019BDD794EFDDFA&t=pi&f=I'),
       (13313424, 'https://mediaserver.centris.ca/media.ashx?id=ADDED26DC7E0197DD794EFDD8E&t=pi&f=I'),
       (13313424, 'https://mediaserver.centris.ca/media.ashx?id=ADDED26DC7E0172DD794EFDD91&t=pi&f=I'),
       (13313424, 'https://mediaserver.centris.ca/media.ashx?id=ADDED26DC7E017FDD794EFDD7B&t=pi&f=I'),
       (13313424, 'https://mediaserver.centris.ca/media.ashx?id=ADDED26DC7E0132DD794EFDD3C&t=pi&f=I'),
       (13313424, 'https://mediaserver.centris.ca/media.ashx?id=ADDED26DC7E0130DD794EFDD5F&t=pi&f=I'),
       (13313424, 'https://mediaserver.centris.ca/media.ashx?id=ADDED26DC7E0196DD794EFDD62&t=pi&f=I'),
       (13313424, 'https://mediaserver.centris.ca/media.ashx?id=ADDED26DC7E0137DD794EFD1D1&t=pi&f=I'),
       (13313424, 'https://mediaserver.centris.ca/media.ashx?id=ADDED26DC7E015DDD794EFD11C&t=pi&f=I'),
       (13313424, 'https://mediaserver.centris.ca/media.ashx?id=ADDED26DC7E015ADD794EFD141&t=pi&f=I'),
       (13313424, 'https://mediaserver.centris.ca/media.ashx?id=ADDED26DC7E0159DD794EFD12C&t=pi&f=I'),
       (13313424, 'https://mediaserver.centris.ca/media.ashx?id=ADDED26DC7E04D2DD794EFD1CD&t=pi&f=I'),
       (13313424, 'https://mediaserver.centris.ca/media.ashx?id=ADDED26DC7E041DDD794EFD1EF&t=pi&f=I'),
       (13450135, 'https://mediaserver.centris.ca/media.ashx?id=ADDED26DC32203FDD7329F0D1E&t=pi&f=I'),
       (13450135, 'https://mediaserver.centris.ca/media.ashx?id=ADDED26DC322038DD7329F0D4C&t=pi&f=I'),
       (13450135, 'https://mediaserver.centris.ca/media.ashx?id=ADDED26DC322039DD7329F0D2A&t=pi&f=I'),
       (13450135, 'https://mediaserver.centris.ca/media.ashx?id=ADDED26DC322037DD7329F0DCB&t=pi&f=I'),
       (13450135, 'https://mediaserver.centris.ca/media.ashx?id=ADDED26DC322033DD7329F0DED&t=pi&f=I'),
       (13450135, 'https://mediaserver.centris.ca/media.ashx?id=ADDED26DC322035DD7329F0DA4&t=pi&f=I'),
       (13450135, 'https://mediaserver.centris.ca/media.ashx?id=ADDED26DC322036DD7329F0D0C&t=pi&f=I'),
       (13450135, 'https://mediaserver.centris.ca/media.ashx?id=ADDED26DC32205DDD7329F0DBC&t=pi&f=I'),
       (13450135, 'https://mediaserver.centris.ca/media.ashx?id=ADDED26DC322051DD7329F0DFA&t=pi&f=I'),
       (13450135, 'https://mediaserver.centris.ca/media.ashx?id=ADDED26DC322054DD7329F0D8E&t=pi&f=I'),
       (13450135, 'https://mediaserver.centris.ca/media.ashx?id=ADDED26DC322052DD7329F0D90&t=pi&f=I'),
       (13450135, 'https://mediaserver.centris.ca/media.ashx?id=ADDED26DC32205CDD7329F0D7F&t=pi&f=I'),
       (13450135, 'https://mediaserver.centris.ca/media.ashx?id=ADDED26DC32205EDD7329F0D31&t=pi&f=I'),
       (13450135, 'https://mediaserver.centris.ca/media.ashx?id=ADDED26DC32205ADD7329F0D52&t=pi&f=I'),
       (13450135, 'https://mediaserver.centris.ca/media.ashx?id=ADDED26DC322050DD7329F0D6E&t=pi&f=I'),
       (13450135, 'https://mediaserver.centris.ca/media.ashx?id=ADDED26DC32205BDD7329F01DE&t=pi&f=I'),
       (13450135, 'https://mediaserver.centris.ca/media.ashx?id=ADDED26DC32205FDD7329F0110&t=pi&f=I'),
       (13450135, 'https://mediaserver.centris.ca/media.ashx?id=ADDED26DC322058DD7329F014A&t=pi&f=I'),
       (13450135, 'https://mediaserver.centris.ca/media.ashx?id=ADDED26DC322059DD7329F012B&t=pi&f=I'),
       (13450135, 'https://mediaserver.centris.ca/media.ashx?id=ADDED26DC322057DD7329F01CD&t=pi&f=I'),
       (13450135, 'https://mediaserver.centris.ca/media.ashx?id=ADDED26DC322055DD7329F01E2&t=pi&f=I'),
       (13450135, 'https://mediaserver.centris.ca/media.ashx?id=ADDED26DC322056DD7329F01AE&t=pi&f=I'),
       (13450135, 'https://mediaserver.centris.ca/media.ashx?id=ADDED26DC32206DDD7329F010E&t=pi&f=I'),
       (13450135, 'https://mediaserver.centris.ca/media.ashx?id=ADDED26DC322061DD7329F01B0&t=pi&f=I'),
       (13450135, 'https://mediaserver.centris.ca/media.ashx?id=ADDED26DC322062DD7329F01FD&t=pi&f=I'),
       (13450135, 'https://mediaserver.centris.ca/media.ashx?id=ADDED26DC32206CDD7329F018F&t=pi&f=I'),
       (13450135, 'https://mediaserver.centris.ca/media.ashx?id=ADDED26DC32206EDD7329F0191&t=pi&f=I'),
       (11221916, 'https://mediaserver.centris.ca/media.ashx?id=ADDED26DC8E2FF0DD8929F7D11&t=pi&f=I');

insert into image_property_sale (property_sale_id_property, image_link)

values (11201518, 'https://mediaserver.centris.ca/media.ashx?id=ADDED26DC3D980DDD885955D1C&t=pi&f=I'),
       (11201518, 'https://mediaserver.centris.ca/media.ashx?id=ADDED26DC3D980CDD885955D4F&t=pi&f=I'),
       (11201518, 'https://mediaserver.centris.ca/media.ashx?id=ADDED26DC3D98E0DD885955D21&t=pi&f=I'),
       (11201518, 'https://mediaserver.centris.ca/media.ashx?id=ADDED26DC3D98EBDD885955DC2&t=pi&f=I'),
       (11201518, 'https://mediaserver.centris.ca/media.ashx?id=ADDED26DC3D98EFDD885955DEE&t=pi&f=I'),
       (11201518, 'https://mediaserver.centris.ca/media.ashx?id=ADDED26DC3D98E8DD885955DAC&t=pi&f=I'),
       (11201518, 'https://mediaserver.centris.ca/media.ashx?id=ADDED26DC3D98E9DD885955D0A&t=pi&f=I'),
       (11201518, 'https://mediaserver.centris.ca/media.ashx?id=ADDED26DC3D98E7DD885955DBB&t=pi&f=I'),
       (11201518, 'https://mediaserver.centris.ca/media.ashx?id=ADDED26DC3D98E3DD885955DFD&t=pi&f=I'),
       (11201518, 'https://mediaserver.centris.ca/media.ashx?id=ADDED26DC3D98E5DD885955D8F&t=pi&f=I'),
       (11201518, 'https://mediaserver.centris.ca/media.ashx?id=ADDED26DC3D98E6DD885955D91&t=pi&f=I'),
       (11201518, 'https://mediaserver.centris.ca/media.ashx?id=ADDED26DC3D98ADDD885955D71&t=pi&f=I'),
       (11201518, 'https://mediaserver.centris.ca/media.ashx?id=ADDED26DC3D98A1DD885955D32&t=pi&f=I'),
       (11201518, 'https://mediaserver.centris.ca/media.ashx?id=ADDED26DC3D98A2DD885955D5A&t=pi&f=I'),
       (11201518, 'https://mediaserver.centris.ca/media.ashx?id=ADDED26DC3D98AADD885955D6D&t=pi&f=I'),
       (11201518, 'https://mediaserver.centris.ca/media.ashx?id=ADDED26DC3D98AFDD8859551D4&t=pi&f=I'),
       (13130078, 'https://mediaserver.centris.ca/media.ashx?id=ADDED26DCBB4A29DD7BEFE5D1F&t=pi&f=I'),
       (13130078, 'https://mediaserver.centris.ca/media.ashx?id=ADDED26DCBB4AC0DD7BEFE5D4D&t=pi&f=I'),
       (13130078, 'https://mediaserver.centris.ca/media.ashx?id=ADDED26DCBB4AC4DD7BEFE5D2A&t=pi&f=I'),
       (13130078, 'https://mediaserver.centris.ca/media.ashx?id=ADDED26DCBB4ACFDD7BEFE5DCC&t=pi&f=I'),
       (13130078, 'https://mediaserver.centris.ca/media.ashx?id=ADDED26DCBB4AC9DD7BEFE5DEC&t=pi&f=I'),
       (13130078, 'https://mediaserver.centris.ca/media.ashx?id=ADDED26DCBB4AC5DD7BEFE5DAB&t=pi&f=I'),
       (13130078, 'https://mediaserver.centris.ca/media.ashx?id=ADDED26DCBB4AC6DD7BEFE5D0D&t=pi&f=I'),
       (13130078, 'https://mediaserver.centris.ca/media.ashx?id=ADDED26DCBB4AEDDD7BEFE5DBD&t=pi&f=I'),
       (13130078, 'https://mediaserver.centris.ca/media.ashx?id=ADDED26DCBB4AE1DD7BEFE5DF4&t=pi&f=I'),
       (13130078, 'https://mediaserver.centris.ca/media.ashx?id=ADDED26DCBB4AE4DD7BEFE5D81&t=pi&f=I'),
       (13130078, 'https://mediaserver.centris.ca/media.ashx?id=ADDED26DCBB4AE2DD7BEFE5D92&t=pi&f=I'),
       (13130078, 'https://mediaserver.centris.ca/media.ashx?id=ADDED26DCBB4AECDD7BEFE5D7E&t=pi&f=I'),
       (13130078, 'https://mediaserver.centris.ca/media.ashx?id=ADDED26DCBB4AEEDD7BEFE5D30&t=pi&f=I'),
       (13130078, 'https://mediaserver.centris.ca/media.ashx?id=ADDED26DCBB4AE5DD7BEFE5D5C&t=pi&f=I'),
       (13130078, 'https://mediaserver.centris.ca/media.ashx?id=ADDED26DCBB4A0BDD7BEFE5D6C&t=pi&f=I'),
       (13130078, 'https://mediaserver.centris.ca/media.ashx?id=ADDED26DCBB4A07DD7BEFE51DC&t=pi&f=I'),
       (13130078, 'https://mediaserver.centris.ca/media.ashx?id=ADDED26DCBB4A05DD7BEFE5110&t=pi&f=I'),
       (13130078, 'https://mediaserver.centris.ca/media.ashx?id=ADDED26DCBB4A06DD7BEFE514F&t=pi&f=I'),
       (13130078, 'https://mediaserver.centris.ca/media.ashx?id=ADDED26DCBB4AB1DD7BEFE512D&t=pi&f=I'),
       (13130078, 'https://mediaserver.centris.ca/media.ashx?id=ADDED26DCBB4AB2DD7BEFE51C2&t=pi&f=I'),
       (13130078, 'https://mediaserver.centris.ca/media.ashx?id=ADDED26DCBB4ABEDD7BEFE51EA&t=pi&f=I'),
       (13130078, 'https://mediaserver.centris.ca/media.ashx?id=ADDED26DCBB4AB0DD7BEFE51AF&t=pi&f=I'),
       (13130078, 'https://mediaserver.centris.ca/media.ashx?id=ADDED26DCBB4ABFDD7BEFE5104&t=pi&f=I'),
       (13130078, 'https://mediaserver.centris.ca/media.ashx?id=ADDED26DCBB4AB9DD7BEFE51B4&t=pi&f=I'),
       (13130078, 'https://mediaserver.centris.ca/media.ashx?id=ADDED26DCBB4ACDDD7BEFE51F1&t=pi&f=I'),
       (13130078, 'https://mediaserver.centris.ca/media.ashx?id=ADDED26DCBB4AC1DD7BEFE518D&t=pi&f=I'),
       (13130078, 'https://mediaserver.centris.ca/media.ashx?id=ADDED26DCBB4A2ADD7BEFE519E&t=pi&f=I'),
       (13130078, 'https://mediaserver.centris.ca/media.ashx?id=ADDED26DCBB4A26DD7BEFE5174&t=pi&f=I'),
       (13168203, 'https://mediaserver.centris.ca/media.ashx?id=ADDED26DC984FADDD7B55C9D1D&t=pi&f=I'),
       (13168203, 'https://mediaserver.centris.ca/media.ashx?id=ADDED26DC984830DD7B55C9D4D&t=pi&f=I'),
       (13168203, 'https://mediaserver.centris.ca/media.ashx?id=ADDED26DC984FE6DD7B55C9D22&t=pi&f=I'),
       (13168203, 'https://mediaserver.centris.ca/media.ashx?id=ADDED26DC984FA4DD7B55C9DCE&t=pi&f=I'),
       (13168203, 'https://mediaserver.centris.ca/media.ashx?id=ADDED26DC984FACDD7B55C9DEB&t=pi&f=I'),
       (13168203, 'https://mediaserver.centris.ca/media.ashx?id=ADDED26DC984FAEDD7B55C9DAD&t=pi&f=I'),
       (13168203, 'https://mediaserver.centris.ca/media.ashx?id=ADDED26DC984FAADD7B55C9D04&t=pi&f=I'),
       (13168203, 'https://mediaserver.centris.ca/media.ashx?id=ADDED26DC984FA0DD7B55C9DBC&t=pi&f=I'),
       (13168203, 'https://mediaserver.centris.ca/media.ashx?id=ADDED26DC984FABDD7B55C9DFA&t=pi&f=I'),
       (13168203, 'https://mediaserver.centris.ca/media.ashx?id=ADDED26DC984FAFDD7B55C9D8E&t=pi&f=I'),
       (13168203, 'https://mediaserver.centris.ca/media.ashx?id=ADDED26DC984FA8DD7B55C9D9C&t=pi&f=I'),
       (13168203, 'https://mediaserver.centris.ca/media.ashx?id=ADDED26DC984FA9DD7B55C9D7A&t=pi&f=I'),
       (13168203, 'https://mediaserver.centris.ca/media.ashx?id=ADDED26DC984FA3DD7B55C9D3F&t=pi&f=I'),
       (13168203, 'https://mediaserver.centris.ca/media.ashx?id=ADDED26DC984FA5DD7B55C9D51&t=pi&f=I'),
       (13168203, 'https://mediaserver.centris.ca/media.ashx?id=ADDED26DC984FA6DD7B55C9D62&t=pi&f=I'),
       (13168203, 'https://mediaserver.centris.ca/media.ashx?id=ADDED26DC984F0DDD7B55C91D1&t=pi&f=I'),
       (13168203, 'https://mediaserver.centris.ca/media.ashx?id=ADDED26DC984F01DD7B55C9112&t=pi&f=I'),
       (13168203, 'https://mediaserver.centris.ca/media.ashx?id=ADDED26DC984F04DD7B55C914E&t=pi&f=I'),
       (13168203, 'https://mediaserver.centris.ca/media.ashx?id=ADDED26DC984F0CDD7B55C912B&t=pi&f=I'),
       (13168203, 'https://mediaserver.centris.ca/media.ashx?id=ADDED26DC984F0EDD7B55C91CD&t=pi&f=I'),
       (13168203, 'https://mediaserver.centris.ca/media.ashx?id=ADDED26DC984F0ADD7B55C91E4&t=pi&f=I'),
       (13168203, 'https://mediaserver.centris.ca/media.ashx?id=ADDED26DC984FA1DD7B55C91A0&t=pi&f=I'),
       (13168203, 'https://mediaserver.centris.ca/media.ashx?id=ADDED26DC984F00DD7B55C910E&t=pi&f=I'),
       (13168203, 'https://mediaserver.centris.ca/media.ashx?id=ADDED26DC984F0BDD7B55C91B0&t=pi&f=I'),
       (13168203, 'https://mediaserver.centris.ca/media.ashx?id=ADDED26DC984F0FDD7B55C91FF&t=pi&f=I'),
       (13168203, 'https://mediaserver.centris.ca/media.ashx?id=ADDED26DC984F08DD7B55C918E&t=pi&f=I'),
       (13168203, 'https://mediaserver.centris.ca/media.ashx?id=ADDED26DC984F09DD7B55C9190&t=pi&f=I'),
       (13168203, 'https://mediaserver.centris.ca/media.ashx?id=ADDED26DC98483BDD7B55C917F&t=pi&f=I'),
       (13168203, 'https://mediaserver.centris.ca/media.ashx?id=ADDED26DC98483FDD7B55C9131&t=pi&f=I'),
       (13168203, 'https://mediaserver.centris.ca/media.ashx?id=ADDED26DC98483CDD7B55C9150&t=pi&f=I'),
       (13168203, 'https://mediaserver.centris.ca/media.ashx?id=ADDED26DC98483EDD7B55C916F&t=pi&f=I'),
       (13168203, 'https://mediaserver.centris.ca/media.ashx?id=ADDED26DC98483ADD7B55C94DF&t=pi&f=I'),
       (13604034, 'https://mediaserver.centris.ca/media.ashx?id=ADDED26DCFD1360DD76FC74D11&t=pi&f=I'),
       (13604034, 'https://mediaserver.centris.ca/media.ashx?id=ADDED26DCFD1377DD76FC74D41&t=pi&f=I'),
       (13604034, 'https://mediaserver.centris.ca/media.ashx?id=ADDED26DCFD133BDD76FC74D24&t=pi&f=I'),
       (13604034, 'https://mediaserver.centris.ca/media.ashx?id=ADDED26DCFD1373DD76FC74DCC&t=pi&f=I'),
       (13604034, 'https://mediaserver.centris.ca/media.ashx?id=ADDED26DCFD1376DD76FC74DE0&t=pi&f=I'),
       (13604034, 'https://mediaserver.centris.ca/media.ashx?id=ADDED26DCFD1331DD76FC74DAB&t=pi&f=I'),
       (13604034, 'https://mediaserver.centris.ca/media.ashx?id=ADDED26DCFD1332DD76FC74D01&t=pi&f=I'),
       (13604034, 'https://mediaserver.centris.ca/media.ashx?id=ADDED26DCFD133EDD76FC74DBC&t=pi&f=I'),
       (13604034, 'https://mediaserver.centris.ca/media.ashx?id=ADDED26DCFD1330DD76FC74DF0&t=pi&f=I'),
       (13604034, 'https://mediaserver.centris.ca/media.ashx?id=ADDED26DCFD1339DD76FC74D8A&t=pi&f=I'),
       (13604034, 'https://mediaserver.centris.ca/media.ashx?id=ADDED26DCFD1337DD76FC74D9B&t=pi&f=I'),
       (13604034, 'https://mediaserver.centris.ca/media.ashx?id=ADDED26DCFD1336DD76FC74D74&t=pi&f=I'),
       (13604034, 'https://mediaserver.centris.ca/media.ashx?id=ADDED26DCFD135DDD76FC74D34&t=pi&f=I'),
       (13604034, 'https://mediaserver.centris.ca/media.ashx?id=ADDED26DCFD136BDD76FC74D54&t=pi&f=I'),
       (13604034, 'https://mediaserver.centris.ca/media.ashx?id=ADDED26DCFD1368DD76FC74D64&t=pi&f=I'),
       (13604034, 'https://mediaserver.centris.ca/media.ashx?id=ADDED26DCFD1369DD76FC741D4&t=pi&f=I'),
       (13604034, 'https://mediaserver.centris.ca/media.ashx?id=ADDED26DCFD1367DD76FC7411C&t=pi&f=I'),
       (13604034, 'https://mediaserver.centris.ca/media.ashx?id=ADDED26DCFD1363DD76FC7414A&t=pi&f=I'),
       (13604034, 'https://mediaserver.centris.ca/media.ashx?id=ADDED26DCFD1365DD76FC7412B&t=pi&f=I'),
       (13604034, 'https://mediaserver.centris.ca/media.ashx?id=ADDED26DCFD1366DD76FC741CD&t=pi&f=I'),
       (13816988, 'https://mediaserver.centris.ca/media.ashx?id=ADDED26DC7EF808DD343CF7D1E&t=pi&f=I'),
       (13816988, 'https://mediaserver.centris.ca/media.ashx?id=ADDED26DC7EF8AEDD343CF7D42&t=pi&f=I'),
       (13816988, 'https://mediaserver.centris.ca/media.ashx?id=ADDED26DC7EF8AADD343CF7D2E&t=pi&f=I'),
       (13816988, 'https://mediaserver.centris.ca/media.ashx?id=ADDED26DC7EF8A0DD343CF7DC0&t=pi&f=I'),
       (13816988, 'https://mediaserver.centris.ca/media.ashx?id=ADDED26DC7EF8A9DD343CF7DEF&t=pi&f=I'),
       (13816988, 'https://mediaserver.centris.ca/media.ashx?id=ADDED26DC7EF8A7DD343CF7DA1&t=pi&f=I'),
       (13816988, 'https://mediaserver.centris.ca/media.ashx?id=ADDED26DC7EF8A5DD343CF7D0C&t=pi&f=I'),
       (13816988, 'https://mediaserver.centris.ca/media.ashx?id=ADDED26DC7EF80EDD343CF7DBD&t=pi&f=I'),
       (13816988, 'https://mediaserver.centris.ca/media.ashx?id=ADDED26DC7EF8A8DD343CF7DF4&t=pi&f=I'),
       (13816988, 'https://mediaserver.centris.ca/media.ashx?id=ADDED26DC7EF8A6DD343CF7D8E&t=pi&f=I'),
       (13816988, 'https://mediaserver.centris.ca/media.ashx?id=ADDED26DC7EF8ABDD343CF7D94&t=pi&f=I'),
       (13816988, 'https://mediaserver.centris.ca/media.ashx?id=ADDED26DC7EF801DD343CF7D70&t=pi&f=I'),
       (13816988, 'https://mediaserver.centris.ca/media.ashx?id=ADDED26DC7EF80DDD343CF7D30&t=pi&f=I'),
       (13816988, 'https://mediaserver.centris.ca/media.ashx?id=ADDED26DC7EF8A3DD343CF7D50&t=pi&f=I'),
       (13816988, 'https://mediaserver.centris.ca/media.ashx?id=ADDED26DC7EF8EEDD343CF7D64&t=pi&f=I'),
       (13816988, 'https://mediaserver.centris.ca/media.ashx?id=ADDED26DC7EF8EADD343CF71D4&t=pi&f=I'),
       (13816988, 'https://mediaserver.centris.ca/media.ashx?id=ADDED26DC7EF8E0DD343CF711C&t=pi&f=I'),
       (13816988, 'https://mediaserver.centris.ca/media.ashx?id=ADDED26DC7EF8EFDD343CF7140&t=pi&f=I'),
       (13816988, 'https://mediaserver.centris.ca/media.ashx?id=ADDED26DC7EF8E8DD343CF712A&t=pi&f=I'),
       (13816988, 'https://mediaserver.centris.ca/media.ashx?id=ADDED26DC7EF8E9DD343CF71CB&t=pi&f=I'),
       (13816988, 'https://mediaserver.centris.ca/media.ashx?id=ADDED26DC7EF8E7DD343CF71ED&t=pi&f=I'),
       (13816988, 'https://mediaserver.centris.ca/media.ashx?id=ADDED26DC7EF8E5DD343CF71A2&t=pi&f=I'),
       (13816988, 'https://mediaserver.centris.ca/media.ashx?id=ADDED26DC7EF8E6DD343CF710E&t=pi&f=I'),
       (13816988, 'https://mediaserver.centris.ca/media.ashx?id=ADDED26DC7EF8ADDD343CF71BE&t=pi&f=I'),
       (13816988, 'https://mediaserver.centris.ca/media.ashx?id=ADDED26DC7EF8A1DD343CF71F0&t=pi&f=I'),
       (13816988, 'https://mediaserver.centris.ca/media.ashx?id=ADDED26DC7EF8A4DD343CF718A&t=pi&f=I'),
       (13816988, 'https://mediaserver.centris.ca/media.ashx?id=ADDED26DC7EF8A2DD343CF719B&t=pi&f=I'),
       (13816988, 'https://mediaserver.centris.ca/media.ashx?id=ADDED26DC7EF8ACDD343CF717D&t=pi&f=I'),
       (13816988, 'https://mediaserver.centris.ca/media.ashx?id=ADDED26DC7EF804DD343CF713D&t=pi&f=I'),
       (13816988, 'https://mediaserver.centris.ca/media.ashx?id=ADDED26DC7EF802DD343CF7154&t=pi&f=I'),
       (13816988, 'https://mediaserver.centris.ca/media.ashx?id=ADDED26DC7EF80CDD343CF716C&t=pi&f=I'),
       (13816988, 'https://mediaserver.centris.ca/media.ashx?id=ADDED26DC7EF809DD343CF74D0&t=pi&f=I'),
       (13816988, 'https://mediaserver.centris.ca/media.ashx?id=ADDED26DC7EF80ADD343CF741A&t=pi&f=I'),
       (13816988, 'https://mediaserver.centris.ca/media.ashx?id=ADDED26DC7EF80BDD343CF744F&t=pi&f=I'),
       (13816988, 'https://mediaserver.centris.ca/media.ashx?id=ADDED26DC7EF803DD343CF7424&t=pi&f=I'),
       (13966631, 'https://mediaserver.centris.ca/media.ashx?id=ADDED26DCFE83C1DD3E1340D1B&t=pi&f=I'),
       (13966631, 'https://mediaserver.centris.ca/media.ashx?id=ADDED26DCFE83CEDD3E1340D42&t=pi&f=I'),
       (13966631, 'https://mediaserver.centris.ca/media.ashx?id=ADDED26DCFE83CADD3E1340D2E&t=pi&f=I'),
       (13966631, 'https://mediaserver.centris.ca/media.ashx?id=ADDED26DCFE8392DD3E1340DC0&t=pi&f=I'),
       (13966631, 'https://mediaserver.centris.ca/media.ashx?id=ADDED26DCFE832EDD3E1340DEE&t=pi&f=I'),
       (13966631, 'https://mediaserver.centris.ca/media.ashx?id=ADDED26DCFE832ADD3E1340DA0&t=pi&f=I'),
       (13966631, 'https://mediaserver.centris.ca/media.ashx?id=ADDED26DCFE83CDDD3E1340D02&t=pi&f=I'),
       (13966631, 'https://mediaserver.centris.ca/media.ashx?id=ADDED26DCFE8320DD3E1340DBD&t=pi&f=I'),
       (13966631, 'https://mediaserver.centris.ca/media.ashx?id=ADDED26DCFE8328DD3E1340DF1&t=pi&f=I'),
       (13966631, 'https://mediaserver.centris.ca/media.ashx?id=ADDED26DCFE8329DD3E1340D8D&t=pi&f=I'),
       (13966631, 'https://mediaserver.centris.ca/media.ashx?id=ADDED26DCFE8327DD3E1340D94&t=pi&f=I'),
       (14113875, 'https://mediaserver.centris.ca/media.ashx?id=ADDED26DC214EC6DD30E7E2D12&t=pi&f=I'),
       (14113875, 'https://mediaserver.centris.ca/media.ashx?id=ADDED26DC2140DDDD30E7E2D4D&t=pi&f=I'),
       (14113875, 'https://mediaserver.centris.ca/media.ashx?id=ADDED26DC214EFDDD30E7E2DCF&t=pi&f=I'),
       (14113875, 'https://mediaserver.centris.ca/media.ashx?id=ADDED26DC214E84DD30E7E2DED&t=pi&f=I'),
       (14113875, 'https://mediaserver.centris.ca/media.ashx?id=ADDED26DC214E0BDD30E7E2DA0&t=pi&f=I'),
       (14113875, 'https://mediaserver.centris.ca/media.ashx?id=ADDED26DC214E0FDD30E7E2D0F&t=pi&f=I'),
       (14113875, 'https://mediaserver.centris.ca/media.ashx?id=ADDED26DC214E0EDD30E7E2DBA&t=pi&f=I'),
       (14113875, 'https://mediaserver.centris.ca/media.ashx?id=ADDED26DC214E08DD30E7E2DFF&t=pi&f=I'),
       (14113875, 'https://mediaserver.centris.ca/media.ashx?id=ADDED26DC214E05DD30E7E2D81&t=pi&f=I'),
       (14113875, 'https://mediaserver.centris.ca/media.ashx?id=ADDED26DC214EBEDD30E7E2D90&t=pi&f=I'),
       (14113875, 'https://mediaserver.centris.ca/media.ashx?id=ADDED26DC214EB7DD30E7E2D74&t=pi&f=I'),
       (14113875, 'https://mediaserver.centris.ca/media.ashx?id=ADDED26DC214E8BDD30E7E2D31&t=pi&f=I'),
       (14113875, 'https://mediaserver.centris.ca/media.ashx?id=ADDED26DC214A25DD30E7E2D54&t=pi&f=I'),
       (14113875, 'https://mediaserver.centris.ca/media.ashx?id=ADDED26DC214A0CDD30E7E2D6D&t=pi&f=I'),
       (14113875, 'https://mediaserver.centris.ca/media.ashx?id=ADDED26DC214A15DD30E7E21DD&t=pi&f=I'),
       (14113875, 'https://mediaserver.centris.ca/media.ashx?id=ADDED26DC214AD9DD30E7E2110&t=pi&f=I'),
       (14113875, 'https://mediaserver.centris.ca/media.ashx?id=ADDED26DC214A85DD30E7E214B&t=pi&f=I'),
       (14113875, 'https://mediaserver.centris.ca/media.ashx?id=ADDED26DC214A3DDD30E7E2121&t=pi&f=I'),
       (14113875, 'https://mediaserver.centris.ca/media.ashx?id=ADDED26DC214AFADD30E7E21C0&t=pi&f=I'),
       (14113875, 'https://mediaserver.centris.ca/media.ashx?id=ADDED26DC214A50DD30E7E21E1&t=pi&f=I'),
       (14113875, 'https://mediaserver.centris.ca/media.ashx?id=ADDED26DC214A57DD30E7E21AC&t=pi&f=I'),
       (14113875, 'https://mediaserver.centris.ca/media.ashx?id=ADDED26DC214A55DD30E7E2100&t=pi&f=I'),
       (14113875, 'https://mediaserver.centris.ca/media.ashx?id=ADDED26DC214ABCDD30E7E21BB&t=pi&f=I'),
       (14113875, 'https://mediaserver.centris.ca/media.ashx?id=ADDED26DC214AA4DD30E7E21FE&t=pi&f=I'),
       (14113875, 'https://mediaserver.centris.ca/media.ashx?id=ADDED26DC214E86DD30E7E2182&t=pi&f=I'),
       (14113875, 'https://mediaserver.centris.ca/media.ashx?id=ADDED26DC214E6FDD30E7E219A&t=pi&f=I'),
       (14113875, 'https://mediaserver.centris.ca/media.ashx?id=ADDED26DC214ECEDD30E7E217E&t=pi&f=I'),
       (14113875, 'https://mediaserver.centris.ca/media.ashx?id=ADDED26DC214EE7DD30E7E2131&t=pi&f=I'),
       (14113875, 'https://mediaserver.centris.ca/media.ashx?id=ADDED26DC214EABDD30E7E2154&t=pi&f=I'),
       (14113875, 'https://mediaserver.centris.ca/media.ashx?id=ADDED26DC214A61DD30E7E2162&t=pi&f=I'),
       (14113875, 'https://mediaserver.centris.ca/media.ashx?id=ADDED26DC214A62DD30E7E24DC&t=pi&f=I'),
       (14113875, 'https://mediaserver.centris.ca/media.ashx?id=ADDED26DC214A69DD30E7E241D&t=pi&f=I'),
       (14198745, 'https://mediaserver.centris.ca/media.ashx?id=ADDED26DC923D9DDD3B803FD10&t=pi&f=I'),
       (14198745, 'https://mediaserver.centris.ca/media.ashx?id=ADDED26DC923D57DD3B803FD4D&t=pi&f=I'),
       (14198745, 'https://mediaserver.centris.ca/media.ashx?id=ADDED26DC923D91DD3B803FD2D&t=pi&f=I'),
       (14198745, 'https://mediaserver.centris.ca/media.ashx?id=ADDED26DC923D94DD3B803FDC4&t=pi&f=I'),
       (14198745, 'https://mediaserver.centris.ca/media.ashx?id=ADDED26DC923D92DD3B803FDEC&t=pi&f=I'),
       (14198745, 'https://mediaserver.centris.ca/media.ashx?id=ADDED26DC923D9EDD3B803FDA0&t=pi&f=I'),
       (14198745, 'https://mediaserver.centris.ca/media.ashx?id=ADDED26DC923D9ADD3B803FD0F&t=pi&f=I'),
       (14198745, 'https://mediaserver.centris.ca/media.ashx?id=ADDED26DC923D90DD3B803FDB1&t=pi&f=I'),
       (14198745, 'https://mediaserver.centris.ca/media.ashx?id=ADDED26DC923D99DD3B803FDF2&t=pi&f=I'),
       (14198745, 'https://mediaserver.centris.ca/media.ashx?id=ADDED26DC923D97DD3B803FD84&t=pi&f=I'),
       (14198745, 'https://mediaserver.centris.ca/media.ashx?id=ADDED26DC923D93DD3B803FD9C&t=pi&f=I'),
       (14198745, 'https://mediaserver.centris.ca/media.ashx?id=ADDED26DC923D95DD3B803FD7A&t=pi&f=I'),
       (14198745, 'https://mediaserver.centris.ca/media.ashx?id=ADDED26DC923D96DD3B803FD3B&t=pi&f=I'),
       (14198745, 'https://mediaserver.centris.ca/media.ashx?id=ADDED26DC923D34DD3B803FD51&t=pi&f=I'),
       (14198745, 'https://mediaserver.centris.ca/media.ashx?id=ADDED26DC923D3EDD3B803FD6E&t=pi&f=I'),
       (14198745, 'https://mediaserver.centris.ca/media.ashx?id=ADDED26DC923D73DD3B803F1DB&t=pi&f=I'),
       (14198745, 'https://mediaserver.centris.ca/media.ashx?id=ADDED26DC923D75DD3B803F11D&t=pi&f=I'),
       (14198745, 'https://mediaserver.centris.ca/media.ashx?id=ADDED26DC923D79DD3B803F14B&t=pi&f=I'),
       (14198745, 'https://mediaserver.centris.ca/media.ashx?id=ADDED26DC923D77DD3B803F12D&t=pi&f=I'),
       (14198745, 'https://mediaserver.centris.ca/media.ashx?id=ADDED26DC923D9CDD3B803F1CE&t=pi&f=I'),
       (14198745, 'https://mediaserver.centris.ca/media.ashx?id=ADDED26DC923D3DDD3B803F1EC&t=pi&f=I'),
       (14198745, 'https://mediaserver.centris.ca/media.ashx?id=ADDED26DC923D70DD3B803F1A1&t=pi&f=I'),
       (14198745, 'https://mediaserver.centris.ca/media.ashx?id=ADDED26DC923D7BDD3B803F102&t=pi&f=I'),
       (14198745, 'https://mediaserver.centris.ca/media.ashx?id=ADDED26DC923D7FDD3B803F1BE&t=pi&f=I'),
       (14198745, 'https://mediaserver.centris.ca/media.ashx?id=ADDED26DC923D78DD3B803F1FC&t=pi&f=I'),
       (14198745, 'https://mediaserver.centris.ca/media.ashx?id=ADDED26DC923D32DD3B803F18F&t=pi&f=I'),
       (14198745, 'https://mediaserver.centris.ca/media.ashx?id=ADDED26DC923D3CDD3B803F191&t=pi&f=I'),
       (14198745, 'https://mediaserver.centris.ca/media.ashx?id=ADDED26DC923D9FDD3B803F17E&t=pi&f=I'),
       (14198745, 'https://mediaserver.centris.ca/media.ashx?id=ADDED26DC923D9BDD3B803F13E&t=pi&f=I'),
       (14198745, 'https://mediaserver.centris.ca/media.ashx?id=ADDED26DC923D98DD3B803F15E&t=pi&f=I'),
       (14198745, 'https://mediaserver.centris.ca/media.ashx?id=ADDED26DC923D76DD3B803F164&t=pi&f=I'),
       (14198745, 'https://mediaserver.centris.ca/media.ashx?id=ADDED26DC923D3ADD3B803F4DA&t=pi&f=I'),
       (14198745, 'https://mediaserver.centris.ca/media.ashx?id=ADDED26DC923D3BDD3B803F41F&t=pi&f=I'),
       (14198745, 'https://mediaserver.centris.ca/media.ashx?id=ADDED26DC923D71DD3B803F444&t=pi&f=I'),
       (14198745, 'https://mediaserver.centris.ca/media.ashx?id=ADDED26DC923D74DD3B803F42C&t=pi&f=I'),
       (14198745, 'https://mediaserver.centris.ca/media.ashx?id=ADDED26DC923D72DD3B803F4CA&t=pi&f=I'),
       (14198745, 'https://mediaserver.centris.ca/media.ashx?id=ADDED26DC923D7CDD3B803F4EB&t=pi&f=I'),
       (14198745, 'https://mediaserver.centris.ca/media.ashx?id=ADDED26DC923D7ADD3B803F4A1&t=pi&f=I'),
       (14198745, 'https://mediaserver.centris.ca/media.ashx?id=ADDED26DC923D31DD3B803F40B&t=pi&f=I'),
       (14198745, 'https://mediaserver.centris.ca/media.ashx?id=ADDED26DC923D30DD3B803F4BE&t=pi&f=I'),
       (14198745, 'https://mediaserver.centris.ca/media.ashx?id=ADDED26DC923D3FDD3B803F4FB&t=pi&f=I'),
       (14198745, 'https://mediaserver.centris.ca/media.ashx?id=ADDED26DC923D38DD3B803F48C&t=pi&f=I'),
       (14198745, 'https://mediaserver.centris.ca/media.ashx?id=ADDED26DC923D39DD3B803F49A&t=pi&f=I'),
       (14198745, 'https://mediaserver.centris.ca/media.ashx?id=ADDED26DC923D33DD3B803F47F&t=pi&f=I'),
       (14198745, 'https://mediaserver.centris.ca/media.ashx?id=ADDED26DC923D59DD3B803F43F&t=pi&f=I'),
       (14198745, 'https://mediaserver.centris.ca/media.ashx?id=ADDED26DC923D53DD3B803F454&t=pi&f=I'),
       (14198745, 'https://mediaserver.centris.ca/media.ashx?id=ADDED26DC923D54DD3B803F46E&t=pi&f=I'),
       (14198745, 'https://mediaserver.centris.ca/media.ashx?id=ADDED26DC923D35DD3B803F2D4&t=pi&f=I'),
       (14198745, 'https://mediaserver.centris.ca/media.ashx?id=ADDED26DC923D5BDD3B803F211&t=pi&f=I'),
       (14198745, 'https://mediaserver.centris.ca/media.ashx?id=ADDED26DC9234E2DD3B803F242&t=pi&f=I'),
       (14198745, 'https://mediaserver.centris.ca/media.ashx?id=ADDED26DC9234E1DD3B803F224&t=pi&f=I'),
       (14198745, 'https://mediaserver.centris.ca/media.ashx?id=ADDED26DC9234ECDD3B803F2CA&t=pi&f=I'),
       (14198745, 'https://mediaserver.centris.ca/media.ashx?id=ADDED26DC9234E4DD3B803F2EE&t=pi&f=I'),
       (12902245, 'https://mediaserver.centris.ca/media.ashx?id=ADDED26DC8DD636DD7C36AED1C&t=pi&f=I'),
       (12902245, 'https://mediaserver.centris.ca/media.ashx?id=ADDED26DC8DD66CDD7C36AED4F&t=pi&f=I'),
       (12902245, 'https://mediaserver.centris.ca/media.ashx?id=ADDED26DC8DD633DD7C36AED2C&t=pi&f=I'),
       (12902245, 'https://mediaserver.centris.ca/media.ashx?id=ADDED26DC8DD65DDD7C36AEDCA&t=pi&f=I'),
       (12902245, 'https://mediaserver.centris.ca/media.ashx?id=ADDED26DC8DD651DD7C36AEDEB&t=pi&f=I'),
       (12902245, 'https://mediaserver.centris.ca/media.ashx?id=ADDED26DC8DD654DD7C36AEDAD&t=pi&f=I'),
       (12902245, 'https://mediaserver.centris.ca/media.ashx?id=ADDED26DC8DD652DD7C36AED04&t=pi&f=I'),
       (12902245, 'https://mediaserver.centris.ca/media.ashx?id=ADDED26DC8DD637DD7C36AEDBB&t=pi&f=I'),
       (12902245, 'https://mediaserver.centris.ca/media.ashx?id=ADDED26DC8DD65ADD7C36AEDF0&t=pi&f=I'),
       (12902245, 'https://mediaserver.centris.ca/media.ashx?id=ADDED26DC8DD650DD7C36AED8A&t=pi&f=I'),
       (12902245, 'https://mediaserver.centris.ca/media.ashx?id=ADDED26DC8DD65BDD7C36AED9B&t=pi&f=I'),
       (12902245, 'https://mediaserver.centris.ca/media.ashx?id=ADDED26DC8DD65FDD7C36AED7D&t=pi&f=I'),
       (12902245, 'https://mediaserver.centris.ca/media.ashx?id=ADDED26DC8DD658DD7C36AED3F&t=pi&f=I'),
       (12902245, 'https://mediaserver.centris.ca/media.ashx?id=ADDED26DC8DD657DD7C36AED54&t=pi&f=I'),
       (12902245, 'https://mediaserver.centris.ca/media.ashx?id=ADDED26DC8DD653DD7C36AED6C&t=pi&f=I'),
       (12902245, 'https://mediaserver.centris.ca/media.ashx?id=ADDED26DC8DD655DD7C36AE1DC&t=pi&f=I'),
       (12902245, 'https://mediaserver.centris.ca/media.ashx?id=ADDED26DC8DD656DD7C36AE11A&t=pi&f=I'),
       (12902245, 'https://mediaserver.centris.ca/media.ashx?id=ADDED26DC8DD661DD7C36AE140&t=pi&f=I'),
       (12902245, 'https://mediaserver.centris.ca/media.ashx?id=ADDED26DC8DD662DD7C36AE12D&t=pi&f=I'),
       (12902245, 'https://mediaserver.centris.ca/media.ashx?id=ADDED26DC8DD66ADD7C36AE1CC&t=pi&f=I'),
       (12902245, 'https://mediaserver.centris.ca/media.ashx?id=ADDED26DC8DD66FDD7C36AE1EB&t=pi&f=I'),
       (12902245, 'https://mediaserver.centris.ca/media.ashx?id=ADDED26DC8D0899DD7C36AE1AA&t=pi&f=I'),
       (12902245, 'https://mediaserver.centris.ca/media.ashx?id=ADDED26DC8DD63FDD7C36AE10B&t=pi&f=I'),
       (12902245, 'https://mediaserver.centris.ca/media.ashx?id=ADDED26DC8DD63BDD7C36AE1BB&t=pi&f=I'),
       (12902245, 'https://mediaserver.centris.ca/media.ashx?id=ADDED26DC8DD639DD7C36AE1FF&t=pi&f=I'),
       (12902245, 'https://mediaserver.centris.ca/media.ashx?id=ADDED26DC8D11D8DD7C36AE18A&t=pi&f=I'),
       (12902245, 'https://mediaserver.centris.ca/media.ashx?id=ADDED26DC8D11DBDD7C36AE19B&t=pi&f=I'),
       (12902245, 'https://mediaserver.centris.ca/media.ashx?id=ADDED26DC8D11DFDD7C36AE17D&t=pi&f=I'),
       (12902245, 'https://mediaserver.centris.ca/media.ashx?id=ADDED26DC8D11D7DD7C36AE131&t=pi&f=I'),
       (12902245, 'https://mediaserver.centris.ca/media.ashx?id=ADDED26DC8D11D3DD7C36AE152&t=pi&f=I'),
       (12902245, 'https://mediaserver.centris.ca/media.ashx?id=ADDED26DC8D11D5DD7C36AE16E&t=pi&f=I'),
       (12902245, 'https://mediaserver.centris.ca/media.ashx?id=ADDED26DC8D11D9DD7C36AE4D1&t=pi&f=I'),
       (11429279, 'https://mediaserver.centris.ca/media.ashx?id=ADDED26DC779862DD85AEF6D1E&t=pi&f=I'),
       (11429279, 'https://mediaserver.centris.ca/media.ashx?id=ADDED26DC77986CDD85AEF6D40&t=pi&f=I'),
       (11429279, 'https://mediaserver.centris.ca/media.ashx?id=ADDED26DC77986EDD85AEF6D2F&t=pi&f=I'),
       (11429279, 'https://mediaserver.centris.ca/media.ashx?id=ADDED26DC77986ADD85AEF6DC1&t=pi&f=I'),
       (11429279, 'https://mediaserver.centris.ca/media.ashx?id=ADDED26DC779860DD85AEF6DE2&t=pi&f=I'),
       (11429279, 'https://mediaserver.centris.ca/media.ashx?id=ADDED26DC77986BDD85AEF6DAE&t=pi&f=I'),
       (11429279, 'https://mediaserver.centris.ca/media.ashx?id=ADDED26DC77986FDD85AEF6D00&t=pi&f=I'),
       (11429279, 'https://mediaserver.centris.ca/media.ashx?id=ADDED26DC779868DD85AEF6DBA&t=pi&f=I'),
       (11429279, 'https://mediaserver.centris.ca/media.ashx?id=ADDED26DC779869DD85AEF6DFB&t=pi&f=I'),
       (11429279, 'https://mediaserver.centris.ca/media.ashx?id=ADDED26DC779867DD85AEF6D80&t=pi&f=I'),
       (11429279, 'https://mediaserver.centris.ca/media.ashx?id=ADDED26DC779863DD85AEF6D9F&t=pi&f=I'),
       (11429279, 'https://mediaserver.centris.ca/media.ashx?id=ADDED26DC779865DD85AEF6D71&t=pi&f=I'),
       (11429279, 'https://mediaserver.centris.ca/media.ashx?id=ADDED26DC7799DDDD85AEF6D3D&t=pi&f=I'),
       (11429279, 'https://mediaserver.centris.ca/media.ashx?id=ADDED26DC7799D1DD85AEF6D54&t=pi&f=I'),
       (11429279, 'https://mediaserver.centris.ca/media.ashx?id=ADDED26DC7799D2DD85AEF6D6E&t=pi&f=I'),
       (11429279, 'https://mediaserver.centris.ca/media.ashx?id=ADDED26DC7799DEDD85AEF61DA&t=pi&f=I'),
       (11429279, 'https://mediaserver.centris.ca/media.ashx?id=ADDED26DC7799DFDD85AEF6111&t=pi&f=I'),
       (11429279, 'https://mediaserver.centris.ca/media.ashx?id=ADDED26DC7799D3DD85AEF6142&t=pi&f=I'),
       (11429279, 'https://mediaserver.centris.ca/media.ashx?id=ADDED26DC779911DD85AEF612A&t=pi&f=I'),
       (11429279, 'https://mediaserver.centris.ca/media.ashx?id=ADDED26DC779912DD85AEF61CF&t=pi&f=I'),
       (11429279, 'https://mediaserver.centris.ca/media.ashx?id=ADDED26DC77991EDD85AEF61E4&t=pi&f=I'),
       (11429279, 'https://mediaserver.centris.ca/media.ashx?id=ADDED26DC779910DD85AEF61AE&t=pi&f=I'),
       (11429279, 'https://mediaserver.centris.ca/media.ashx?id=ADDED26DC77991FDD85AEF610B&t=pi&f=I'),
       (11429279, 'https://mediaserver.centris.ca/media.ashx?id=ADDED26DC779918DD85AEF61B0&t=pi&f=I'),
       (11429279, 'https://mediaserver.centris.ca/media.ashx?id=ADDED26DC779915DD85AEF61F4&t=pi&f=I'),
       (11429279, 'https://mediaserver.centris.ca/media.ashx?id=ADDED26DC779941DD85AEF6181&t=pi&f=I'),
       (11429279, 'https://mediaserver.centris.ca/media.ashx?id=ADDED26DC779942DD85AEF619C&t=pi&f=I'),
       (11429279, 'https://mediaserver.centris.ca/media.ashx?id=ADDED26DC77994CDD85AEF617A&t=pi&f=I'),
       (11429279, 'https://mediaserver.centris.ca/media.ashx?id=ADDED26DC77994EDD85AEF613B&t=pi&f=I'),
       (11429279, 'https://mediaserver.centris.ca/media.ashx?id=ADDED26DC77994ADD85AEF615D&t=pi&f=I'),
       (11429279, 'https://mediaserver.centris.ca/media.ashx?id=ADDED26DC779940DD85AEF6164&t=pi&f=I'),
       (11429279, 'https://mediaserver.centris.ca/media.ashx?id=ADDED26DC77994BDD85AEF64D4&t=pi&f=I'),
       (11429279, 'https://mediaserver.centris.ca/media.ashx?id=ADDED26DC77994FDD85AEF641C&t=pi&f=I'),
       (11429279, 'https://mediaserver.centris.ca/media.ashx?id=ADDED26DC779948DD85AEF6442&t=pi&f=I'),
       (11429279, 'https://mediaserver.centris.ca/media.ashx?id=ADDED26DC779949DD85AEF642E&t=pi&f=I'),
       (11429279, 'https://mediaserver.centris.ca/media.ashx?id=ADDED26DC779947DD85AEF64C0&t=pi&f=I'),
       (11429279, 'https://mediaserver.centris.ca/media.ashx?id=ADDED26DC779943DD85AEF64EF&t=pi&f=I'),
       (11429279, 'https://mediaserver.centris.ca/media.ashx?id=ADDED26DC779945DD85AEF64A1&t=pi&f=I'),
       (11429279, 'https://mediaserver.centris.ca/media.ashx?id=ADDED26DC779946DD85AEF6402&t=pi&f=I'),
       (11429279, 'https://mediaserver.centris.ca/media.ashx?id=ADDED26DC77992DDD85AEF64B2&t=pi&f=I'),
       (11429279, 'https://mediaserver.centris.ca/media.ashx?id=ADDED26DC779921DD85AEF64FE&t=pi&f=I'),
       (11429279, 'https://mediaserver.centris.ca/media.ashx?id=ADDED26DC779924DD85AEF648C&t=pi&f=I'),
       (11429279, 'https://mediaserver.centris.ca/media.ashx?id=ADDED26DC779922DD85AEF649A&t=pi&f=I'),
       (11429279, 'https://mediaserver.centris.ca/media.ashx?id=ADDED26DC77992CDD85AEF647B&t=pi&f=I'),
       (11429279, 'https://mediaserver.centris.ca/media.ashx?id=ADDED26DC77992EDD85AEF643D&t=pi&f=I'),
       (11429279, 'https://mediaserver.centris.ca/media.ashx?id=ADDED26DC77992ADD85AEF6454&t=pi&f=I'),
       (11429279, 'https://mediaserver.centris.ca/media.ashx?id=ADDED26DC779920DD85AEF646C&t=pi&f=I'),
       (11429279, 'https://mediaserver.centris.ca/media.ashx?id=ADDED26DC77992BDD85AEF62DC&t=pi&f=I'),
       (11429279, 'https://mediaserver.centris.ca/media.ashx?id=ADDED26DC77992FDD85AEF621A&t=pi&f=I'),
       (11429279, 'https://mediaserver.centris.ca/media.ashx?id=ADDED26DC779928DD85AEF624E&t=pi&f=I'),
       (11429279, 'https://mediaserver.centris.ca/media.ashx?id=ADDED26DC779929DD85AEF6220&t=pi&f=I'),
       (11429279, 'https://mediaserver.centris.ca/media.ashx?id=ADDED26DC779927DD85AEF62CF&t=pi&f=I'),
       (11429279, 'https://mediaserver.centris.ca/media.ashx?id=ADDED26DC779923DD85AEF62E1&t=pi&f=I'),
       (11429279, 'https://mediaserver.centris.ca/media.ashx?id=ADDED26DC779925DD85AEF62A2&t=pi&f=I'),
       (11429279, 'https://mediaserver.centris.ca/media.ashx?id=ADDED26DC7799CDDD85AEF620C&t=pi&f=I'),
       (11429279, 'https://mediaserver.centris.ca/media.ashx?id=ADDED26DC7799C1DD85AEF62BA&t=pi&f=I'),
       (11429279, 'https://mediaserver.centris.ca/media.ashx?id=ADDED26DC7799C2DD85AEF62FF&t=pi&f=I'),
       (11429279, 'https://mediaserver.centris.ca/media.ashx?id=ADDED26DC7799CEDD85AEF628F&t=pi&f=I'),
       (11429279, 'https://mediaserver.centris.ca/media.ashx?id=ADDED26DC7799CADD85AEF6291&t=pi&f=I'),
       (11456768, 'https://mediaserver.centris.ca/media.ashx?id=ADDED26DC314978DD8531DDD12&t=pi&f=I'),
       (11456768, 'https://mediaserver.centris.ca/media.ashx?id=ADDED26DC31497BDD8531DDD4E&t=pi&f=I'),
       (11456768, 'https://mediaserver.centris.ca/media.ashx?id=ADDED26DC31497FDD8531DDD20&t=pi&f=I'),
       (11456768, 'https://mediaserver.centris.ca/media.ashx?id=ADDED26DC314979DD8531DDDC0&t=pi&f=I'),
       (11456768, 'https://mediaserver.centris.ca/media.ashx?id=ADDED26DC314977DD8531DDDEF&t=pi&f=I'),
       (11456768, 'https://mediaserver.centris.ca/media.ashx?id=ADDED26DC314973DD8531DDDA1&t=pi&f=I'),
       (11456768, 'https://mediaserver.centris.ca/media.ashx?id=ADDED26DC314975DD8531DDD02&t=pi&f=I'),
       (11456768, 'https://mediaserver.centris.ca/media.ashx?id=ADDED26DC314976DD8531DDDBE&t=pi&f=I'),
       (11456768, 'https://mediaserver.centris.ca/media.ashx?id=ADDED26DC31493DDD8531DDDFE&t=pi&f=I'),
       (11456768, 'https://mediaserver.centris.ca/media.ashx?id=ADDED26DC314931DD8531DDD8C&t=pi&f=I'),
       (11456768, 'https://mediaserver.centris.ca/media.ashx?id=ADDED26DC314934DD8531DDD9A&t=pi&f=I'),
       (11456768, 'https://mediaserver.centris.ca/media.ashx?id=ADDED26DC314932DD8531DDD7B&t=pi&f=I'),
       (11456768, 'https://mediaserver.centris.ca/media.ashx?id=ADDED26DC31493CDD8531DDD3D&t=pi&f=I'),
       (11456768, 'https://mediaserver.centris.ca/media.ashx?id=ADDED26DC31493EDD8531DDD54&t=pi&f=I'),
       (11584989, 'https://mediaserver.centris.ca/media.ashx?id=ADDED26DC84919BDD9D7E33D12&t=pi&f=I'),
       (11584989, 'https://mediaserver.centris.ca/media.ashx?id=ADDED26DC849198DD9D7E33D42&t=pi&f=I'),
       (11584989, 'https://mediaserver.centris.ca/media.ashx?id=ADDED26DC849197DD9D7E33D2A&t=pi&f=I'),
       (11584989, 'https://mediaserver.centris.ca/media.ashx?id=ADDED26DC849196DD9D7E33DCD&t=pi&f=I'),
       (11584989, 'https://mediaserver.centris.ca/media.ashx?id=ADDED26DC849171DD9D7E33DE1&t=pi&f=I'),
       (11584989, 'https://mediaserver.centris.ca/media.ashx?id=ADDED26DC849172DD9D7E33DAC&t=pi&f=I'),
       (11584989, 'https://mediaserver.centris.ca/media.ashx?id=ADDED26DC84917EDD9D7E33D00&t=pi&f=I'),
       (11584989, 'https://mediaserver.centris.ca/media.ashx?id=ADDED26DC84917BDD9D7E33DB1&t=pi&f=I'),
       (11584989, 'https://mediaserver.centris.ca/media.ashx?id=ADDED26DC849178DD9D7E33DF1&t=pi&f=I'),
       (11584989, 'https://mediaserver.centris.ca/media.ashx?id=ADDED26DC849177DD9D7E33D81&t=pi&f=I'),
       (11584989, 'https://mediaserver.centris.ca/media.ashx?id=ADDED26DC849175DD9D7E33D9C&t=pi&f=I'),
       (11584989, 'https://mediaserver.centris.ca/media.ashx?id=ADDED26DC84913CDD9D7E33D7F&t=pi&f=I'),
       (11584989, 'https://mediaserver.centris.ca/media.ashx?id=ADDED26DC84913EDD9D7E33D31&t=pi&f=I'),
       (11584989, 'https://mediaserver.centris.ca/media.ashx?id=ADDED26DC84913BDD9D7E33D5E&t=pi&f=I'),
       (11584989, 'https://mediaserver.centris.ca/media.ashx?id=ADDED26DC84913FDD9D7E33D60&t=pi&f=I'),
       (11584989, 'https://mediaserver.centris.ca/media.ashx?id=ADDED26DC849192DD9D7E331DB&t=pi&f=I'),
       (11584989, 'https://mediaserver.centris.ca/media.ashx?id=ADDED26DC84919ADD9D7E33114&t=pi&f=I'),
       (11976638, 'https://mediaserver.centris.ca/media.ashx?id=ADDED26DC787189DD9A9695D11&t=pi&f=I'),
       (11976638, 'https://mediaserver.centris.ca/media.ashx?id=ADDED26DC7871F6DD9A9695D4B&t=pi&f=I'),
       (11976638, 'https://mediaserver.centris.ca/media.ashx?id=ADDED26DC78718EDD9A9695D2D&t=pi&f=I'),
       (11976638, 'https://mediaserver.centris.ca/media.ashx?id=ADDED26DC78719ADD9A9695DC2&t=pi&f=I'),
       (11976638, 'https://mediaserver.centris.ca/media.ashx?id=ADDED26DC787191DD9A9695DEF&t=pi&f=I'),
       (11976638, 'https://mediaserver.centris.ca/media.ashx?id=ADDED26DC787199DD9A9695DA0&t=pi&f=I'),
       (11976638, 'https://mediaserver.centris.ca/media.ashx?id=ADDED26DC78717DDD9A9695D01&t=pi&f=I'),
       (11976638, 'https://mediaserver.centris.ca/media.ashx?id=ADDED26DC78717EDD9A9695DB0&t=pi&f=I'),
       (11976638, 'https://mediaserver.centris.ca/media.ashx?id=ADDED26DC787178DD9A9695DFD&t=pi&f=I'),
       (11976638, 'https://mediaserver.centris.ca/media.ashx?id=ADDED26DC787176DD9A9695D82&t=pi&f=I'),
       (11976638, 'https://mediaserver.centris.ca/media.ashx?id=ADDED26DC787130DD9A9695D9D&t=pi&f=I'),
       (11976638, 'https://mediaserver.centris.ca/media.ashx?id=ADDED26DC787154DD9A9695D70&t=pi&f=I'),
       (11976638, 'https://mediaserver.centris.ca/media.ashx?id=ADDED26DC7871B0DD9A9695D3D&t=pi&f=I'),
       (11976638, 'https://mediaserver.centris.ca/media.ashx?id=ADDED26DC7871B8DD9A9695D51&t=pi&f=I'),
       (11976638, 'https://mediaserver.centris.ca/media.ashx?id=ADDED26DC7871F1DD9A9695D60&t=pi&f=I'),
       (11976638, 'https://mediaserver.centris.ca/media.ashx?id=ADDED26DC7871BBDD9A96951D4&t=pi&f=I'),
       (11976638, 'https://mediaserver.centris.ca/media.ashx?id=ADDED26DC7871B7DD9A969511C&t=pi&f=I'),
       (11976638, 'https://mediaserver.centris.ca/media.ashx?id=ADDED26DC7871B6DD9A969514B&t=pi&f=I'),
       (11976638, 'https://mediaserver.centris.ca/media.ashx?id=ADDED26DC7871FEDD9A9695122&t=pi&f=I'),
       (11976638, 'https://mediaserver.centris.ca/media.ashx?id=ADDED26DC7871FFDD9A96951CB&t=pi&f=I'),
       (11976638, 'https://mediaserver.centris.ca/media.ashx?id=ADDED26DC787164DD9A96951EE&t=pi&f=I'),
       (11976638, 'https://mediaserver.centris.ca/media.ashx?id=ADDED26DC787163DD9A96951AC&t=pi&f=I'),
       (11976638, 'https://mediaserver.centris.ca/media.ashx?id=ADDED26DC7874DEDD9A969510F&t=pi&f=I'),
       (11976638, 'https://mediaserver.centris.ca/media.ashx?id=ADDED26DC787412DD9A96951BF&t=pi&f=I'),
       (11976638, 'https://mediaserver.centris.ca/media.ashx?id=ADDED26DC787419DD9A96951FE&t=pi&f=I'),
       (11976638, 'https://mediaserver.centris.ca/media.ashx?id=ADDED26DC78744DDD9A969518A&t=pi&f=I'),
       (11976638, 'https://mediaserver.centris.ca/media.ashx?id=ADDED26DC78744BDD9A969519E&t=pi&f=I'),
       (11976638, 'https://mediaserver.centris.ca/media.ashx?id=ADDED26DC787445DD9A969517F&t=pi&f=I'),
       (11976638, 'https://mediaserver.centris.ca/media.ashx?id=ADDED26DC787422DD9A9695132&t=pi&f=I'),
       (11976638, 'https://mediaserver.centris.ca/media.ashx?id=ADDED26DC78742ADD9A9695150&t=pi&f=I'),
       (12592899, 'https://mediaserver.centris.ca/media.ashx?id=ADDED26DC9205FADD7D40D2D14&t=pi&f=I'),
       (12592899, 'https://mediaserver.centris.ca/media.ashx?id=ADDED26DC9205F1DD7D40D2D4B&t=pi&f=I'),
       (12592899, 'https://mediaserver.centris.ca/media.ashx?id=ADDED26DC9205B4DD7D40D2D2F&t=pi&f=I'),
       (12592899, 'https://mediaserver.centris.ca/media.ashx?id=ADDED26DC9205B0DD7D40D2DCE&t=pi&f=I'),
       (12592899, 'https://mediaserver.centris.ca/media.ashx?id=ADDED26DC9205BFDD7D40D2DEB&t=pi&f=I'),
       (12592899, 'https://mediaserver.centris.ca/media.ashx?id=ADDED26DC9205BDDD7D40D2DAD&t=pi&f=I'),
       (12592899, 'https://mediaserver.centris.ca/media.ashx?id=ADDED26DC920506DD7D40D2D04&t=pi&f=I'),
       (12592899, 'https://mediaserver.centris.ca/media.ashx?id=ADDED26DC920503DD7D40D2DB1&t=pi&f=I'),
       (12592899, 'https://mediaserver.centris.ca/media.ashx?id=ADDED26DC920505DD7D40D2DF2&t=pi&f=I'),
       (12592899, 'https://mediaserver.centris.ca/media.ashx?id=ADDED26DC9205B9DD7D40D2D8F&t=pi&f=I'),
       (12592899, 'https://mediaserver.centris.ca/media.ashx?id=ADDED26DC9205B8DD7D40D2D9F&t=pi&f=I'),
       (12592899, 'https://mediaserver.centris.ca/media.ashx?id=ADDED26DC9205ACDD7D40D2D7E&t=pi&f=I'),
       (12592899, 'https://mediaserver.centris.ca/media.ashx?id=ADDED26DC9205ABDD7D40D2D3D&t=pi&f=I'),
       (12592899, 'https://mediaserver.centris.ca/media.ashx?id=ADDED26DC9205A3DD7D40D2D52&t=pi&f=I'),
       (12592899, 'https://mediaserver.centris.ca/media.ashx?id=ADDED26DC92050BDD7D40D2D62&t=pi&f=I'),
       (12592899, 'https://mediaserver.centris.ca/media.ashx?id=ADDED26DC92059FDD7D40D21DC&t=pi&f=I'),
       (12592899, 'https://mediaserver.centris.ca/media.ashx?id=ADDED26DC920501DD7D40D211A&t=pi&f=I'),
       (12592899, 'https://mediaserver.centris.ca/media.ashx?id=ADDED26DC92050EDD7D40D2141&t=pi&f=I'),
       (12592899, 'https://mediaserver.centris.ca/media.ashx?id=ADDED26DC920500DD7D40D212C&t=pi&f=I'),
       (12592899, 'https://mediaserver.centris.ca/media.ashx?id=ADDED26DC9205B3DD7D40D21CF&t=pi&f=I'),
       (12592899, 'https://mediaserver.centris.ca/media.ashx?id=ADDED26DC9205B6DD7D40D21E4&t=pi&f=I'),
       (12592899, 'https://mediaserver.centris.ca/media.ashx?id=ADDED26DC9205B7DD7D40D21AD&t=pi&f=I'),
       (12592899, 'https://mediaserver.centris.ca/media.ashx?id=ADDED26DC9205FDDD7D40D2102&t=pi&f=I'),
       (10435909, 'https://mediaserver.centris.ca/media.ashx?id=ADDED26DC9BC3BCDDF623CED14&t=pi&f=I'),
       (10435909, 'https://mediaserver.centris.ca/media.ashx?id=ADDED26DC9BC371DDF623CED41&t=pi&f=I'),
       (10435909, 'https://mediaserver.centris.ca/media.ashx?id=ADDED26DC9BC387DDF623CED2B&t=pi&f=I'),
       (10435909, 'https://mediaserver.centris.ca/media.ashx?id=ADDED26DC9BC385DDF623CEDC1&t=pi&f=I'),
       (10435909, 'https://mediaserver.centris.ca/media.ashx?id=ADDED26DC9BC39BDDF623CEDED&t=pi&f=I'),
       (10435909, 'https://mediaserver.centris.ca/media.ashx?id=ADDED26DC9BC39ADDF623CEDAF&t=pi&f=I'),
       (10435909, 'https://mediaserver.centris.ca/media.ashx?id=ADDED26DC9BC391DDF623CED0E&t=pi&f=I'),
       (10435909, 'https://mediaserver.centris.ca/media.ashx?id=ADDED26DC9BC397DDF623CEDBC&t=pi&f=I'),
       (10435909, 'https://mediaserver.centris.ca/media.ashx?id=ADDED26DC9BC393DDF623CEDFA&t=pi&f=I'),
       (10435909, 'https://mediaserver.centris.ca/media.ashx?id=ADDED26DC9BC395DDF623CED8E&t=pi&f=I'),
       (10435909, 'https://mediaserver.centris.ca/media.ashx?id=ADDED26DC9BC37DDDF623CED9A&t=pi&f=I'),
       (10435909, 'https://mediaserver.centris.ca/media.ashx?id=ADDED26DC9BC372DDF623CED7D&t=pi&f=I'),
       (10435909, 'https://mediaserver.centris.ca/media.ashx?id=ADDED26DC9BC370DDF623CED3E&t=pi&f=I'),
       (10435909, 'https://mediaserver.centris.ca/media.ashx?id=ADDED26DC9BC37BDDF623CED50&t=pi&f=I'),
       (10435909, 'https://mediaserver.centris.ca/media.ashx?id=ADDED26DC9BC378DDF623CED60&t=pi&f=I'),
       (10435909, 'https://mediaserver.centris.ca/media.ashx?id=ADDED26DC9BC377DDF623CE1DB&t=pi&f=I'),
       (10435909, 'https://mediaserver.centris.ca/media.ashx?id=ADDED26DC9BC38BDDF623CE11A&t=pi&f=I'),
       (10435909, 'https://mediaserver.centris.ca/media.ashx?id=ADDED26DC9BC3B8DDF623CE140&t=pi&f=I'),
       (10435909, 'https://mediaserver.centris.ca/media.ashx?id=ADDED26DC9BC3F6DDF623CE12C&t=pi&f=I'),
       (10435909, 'https://mediaserver.centris.ca/media.ashx?id=ADDED26DC9BC381DDF623CE1C4&t=pi&f=I'),
       (10435909, 'https://mediaserver.centris.ca/media.ashx?id=ADDED26DC9BC3B5DDF623CE1EC&t=pi&f=I'),
       (10435909, 'https://mediaserver.centris.ca/media.ashx?id=ADDED26DC9BC3F4DDF623CE1A0&t=pi&f=I'),
       (10435909, 'https://mediaserver.centris.ca/media.ashx?id=ADDED26DC9BC3F1DDF623CE100&t=pi&f=I'),
       (10435909, 'https://mediaserver.centris.ca/media.ashx?id=ADDED26DC9BC3F5DDF623CE1BB&t=pi&f=I'),
       (10435909, 'https://mediaserver.centris.ca/media.ashx?id=ADDED26DC9BC38CDDF623CE1FD&t=pi&f=I'),
       (10435909, 'https://mediaserver.centris.ca/media.ashx?id=ADDED26DC9BC3FADDF623CE184&t=pi&f=I'),
       (10435909, 'https://mediaserver.centris.ca/media.ashx?id=ADDED26DC9BC3FCDDF623CE191&t=pi&f=I'),
       (10435909, 'https://mediaserver.centris.ca/media.ashx?id=ADDED26DC9BC3FEDDF623CE172&t=pi&f=I'),
       (10435909, 'https://mediaserver.centris.ca/media.ashx?id=ADDED26DC9BC380DDF623CE13C&t=pi&f=I'),
       (10435909, 'https://mediaserver.centris.ca/media.ashx?id=ADDED26DC9BC3FBDDF623CE15B&t=pi&f=I'),
       (10435909, 'https://mediaserver.centris.ca/media.ashx?id=ADDED26DC9BC382DDF623CE164&t=pi&f=I'),
       (10435909, 'https://mediaserver.centris.ca/media.ashx?id=ADDED26DC9BC3B0DDF623CE4DA&t=pi&f=I'),
       (10435909, 'https://mediaserver.centris.ca/media.ashx?id=ADDED26DC9BC3BADDF623CE41A&t=pi&f=I'),
       (10517543, 'https://mediaserver.centris.ca/media.ashx?id=ADDED26DC7B0327DD8D0740D1E&t=pi&f=I'),
       (10517543, 'https://mediaserver.centris.ca/media.ashx?id=ADDED26DC7B0340DD8D0740D42&t=pi&f=I'),
       (10517543, 'https://mediaserver.centris.ca/media.ashx?id=ADDED26DC7B034FDD8D0740D2A&t=pi&f=I'),
       (10517543, 'https://mediaserver.centris.ca/media.ashx?id=ADDED26DC7B034BDD8D0740DCA&t=pi&f=I'),
       (10517543, 'https://mediaserver.centris.ca/media.ashx?id=ADDED26DC7B034ADD8D0740DEE&t=pi&f=I'),
       (10517543, 'https://mediaserver.centris.ca/media.ashx?id=ADDED26DC7B0344DD8D0740DA4&t=pi&f=I'),
       (10517543, 'https://mediaserver.centris.ca/media.ashx?id=ADDED26DC7B0341DD8D0740D04&t=pi&f=I'),
       (10517543, 'https://mediaserver.centris.ca/media.ashx?id=ADDED26DC7B0342DD8D0740DBE&t=pi&f=I'),
       (10517543, 'https://mediaserver.centris.ca/media.ashx?id=ADDED26DC7B034CDD8D0740DF0&t=pi&f=I'),
       (10517543, 'https://mediaserver.centris.ca/media.ashx?id=ADDED26DC7B034EDD8D0740D8A&t=pi&f=I'),
       (10517543, 'https://mediaserver.centris.ca/media.ashx?id=ADDED26DC7B0316DD8D0740D92&t=pi&f=I'),
       (10517543, 'https://mediaserver.centris.ca/media.ashx?id=ADDED26DC7B0348DD8D0740D7D&t=pi&f=I'),
       (10517543, 'https://mediaserver.centris.ca/media.ashx?id=ADDED26DC7B0347DD8D0740D32&t=pi&f=I'),
       (10517543, 'https://mediaserver.centris.ca/media.ashx?id=ADDED26DC7B0346DD8D0740D50&t=pi&f=I'),
       (10517543, 'https://mediaserver.centris.ca/media.ashx?id=ADDED26DC7B032DDD8D0740D60&t=pi&f=I'),
       (10517543, 'https://mediaserver.centris.ca/media.ashx?id=ADDED26DC7B0321DD8D07401D0&t=pi&f=I'),
       (10517543, 'https://mediaserver.centris.ca/media.ashx?id=ADDED26DC7B0322DD8D074011D&t=pi&f=I'),
       (10517543, 'https://mediaserver.centris.ca/media.ashx?id=ADDED26DC7B032CDD8D0740144&t=pi&f=I'),
       (10517543, 'https://mediaserver.centris.ca/media.ashx?id=ADDED26DC7B032ADD8D074012E&t=pi&f=I'),
       (10517543, 'https://mediaserver.centris.ca/media.ashx?id=ADDED26DC7B032BDD8D07401CB&t=pi&f=I'),
       (10517543, 'https://mediaserver.centris.ca/media.ashx?id=ADDED26DC7B032FDD8D07401ED&t=pi&f=I'),
       (10517543, 'https://mediaserver.centris.ca/media.ashx?id=ADDED26DC7B0328DD8D07401AF&t=pi&f=I'),
       (10613072, 'https://mediaserver.centris.ca/media.ashx?id=ADDED26DC7CF5CEDD8161EDD1E&t=pi&f=I'),
       (10613072, 'https://mediaserver.centris.ca/media.ashx?id=ADDED26DC7CF5CBDD8161EDD4F&t=pi&f=I'),
       (10613072, 'https://mediaserver.centris.ca/media.ashx?id=ADDED26DC7C8448DD8161EDD2A&t=pi&f=I'),
       (10613072, 'https://mediaserver.centris.ca/media.ashx?id=ADDED26DC7CF5DEDD8161EDDCC&t=pi&f=I'),
       (10613072, 'https://mediaserver.centris.ca/media.ashx?id=ADDED26DC7CF5DADD8161EDDEA&t=pi&f=I'),
       (10613072, 'https://mediaserver.centris.ca/media.ashx?id=ADDED26DC7CF5D6DD8161EDDA2&t=pi&f=I'),
       (10613072, 'https://mediaserver.centris.ca/media.ashx?id=ADDED26DC7CF5D0DD8161EDD0F&t=pi&f=I'),
       (10613072, 'https://mediaserver.centris.ca/media.ashx?id=ADDED26DC7CF5DFDD8161EDDB4&t=pi&f=I'),
       (10613072, 'https://mediaserver.centris.ca/media.ashx?id=ADDED26DC7CF51DDD8161EDDFE&t=pi&f=I'),
       (10613072, 'https://mediaserver.centris.ca/media.ashx?id=ADDED26DC7CF512DD8161EDD8A&t=pi&f=I'),
       (10613072, 'https://mediaserver.centris.ca/media.ashx?id=ADDED26DC7CF51ADD8161EDD9D&t=pi&f=I'),
       (10613072, 'https://mediaserver.centris.ca/media.ashx?id=ADDED26DC7CF543DD8161EDD7A&t=pi&f=I'),
       (10613072, 'https://mediaserver.centris.ca/media.ashx?id=ADDED26DC7CF52ADD8161EDD3C&t=pi&f=I'),
       (10613072, 'https://mediaserver.centris.ca/media.ashx?id=ADDED26DC7CF5D2DD8161EDD5F&t=pi&f=I'),
       (10613072, 'https://mediaserver.centris.ca/media.ashx?id=ADDED26DC7CF5D7DD8161EDD6A&t=pi&f=I'),
       (10613072, 'https://mediaserver.centris.ca/media.ashx?id=ADDED26DC7CF369DD8161ED1DE&t=pi&f=I'),
       (10613072, 'https://mediaserver.centris.ca/media.ashx?id=ADDED26DC7CF5D4DD8161ED11F&t=pi&f=I'),
       (10613072, 'https://mediaserver.centris.ca/media.ashx?id=ADDED26DC7CF367DD8161ED14B&t=pi&f=I'),
       (10613072, 'https://mediaserver.centris.ca/media.ashx?id=ADDED26DC7CF363DD8161ED12D&t=pi&f=I'),
       (10613072, 'https://mediaserver.centris.ca/media.ashx?id=ADDED26DC7CF364DD8161ED1C2&t=pi&f=I'),
       (10613072, 'https://mediaserver.centris.ca/media.ashx?id=ADDED26DC7CF362DD8161ED1EE&t=pi&f=I'),
       (10613072, 'https://mediaserver.centris.ca/media.ashx?id=ADDED26DC7CF36CDD8161ED1A0&t=pi&f=I'),
       (10613072, 'https://mediaserver.centris.ca/media.ashx?id=ADDED26DC7CF36ADD8161ED10D&t=pi&f=I'),
       (10613072, 'https://mediaserver.centris.ca/media.ashx?id=ADDED26DC7CF360DD8161ED1B4&t=pi&f=I'),
       (10613072, 'https://mediaserver.centris.ca/media.ashx?id=ADDED26DC7CF36FDD8161ED1FE&t=pi&f=I'),
       (10613072, 'https://mediaserver.centris.ca/media.ashx?id=ADDED26DC7CF5DDDD8161ED182&t=pi&f=I'),
       (10613072, 'https://mediaserver.centris.ca/media.ashx?id=ADDED26DC7CF52FDD8161ED19A&t=pi&f=I'),
       (10613072, 'https://mediaserver.centris.ca/media.ashx?id=ADDED26DC7CF528DD8161ED17E&t=pi&f=I'),
       (10613072, 'https://mediaserver.centris.ca/media.ashx?id=ADDED26DC7CF520DD8161ED13A&t=pi&f=I'),
       (10613072, 'https://mediaserver.centris.ca/media.ashx?id=ADDED26DC7CF5CDDD8161ED151&t=pi&f=I'),
       (10613072, 'https://mediaserver.centris.ca/media.ashx?id=ADDED26DC7CF5C1DD8161ED162&t=pi&f=I'),
       (10613072, 'https://mediaserver.centris.ca/media.ashx?id=ADDED26DC7CF525DD8161ED4D1&t=pi&f=I'),
       (10613072, 'https://mediaserver.centris.ca/media.ashx?id=ADDED26DC7CF527DD8161ED41D&t=pi&f=I'),
       (10613072, 'https://mediaserver.centris.ca/media.ashx?id=ADDED26DC7CF529DD8161ED44D&t=pi&f=I'),
       (10613072, 'https://mediaserver.centris.ca/media.ashx?id=ADDED26DC7CF5EDDD8161ED42E&t=pi&f=I'),
       (10613072, 'https://mediaserver.centris.ca/media.ashx?id=ADDED26DC7CF5C5DD8161ED4CA&t=pi&f=I'),
       (10613072, 'https://mediaserver.centris.ca/media.ashx?id=ADDED26DC7CF5E1DD8161ED4EB&t=pi&f=I'),
       (10613072, 'https://mediaserver.centris.ca/media.ashx?id=ADDED26DC7C842EDD8161ED4AD&t=pi&f=I'),
       (10613072, 'https://mediaserver.centris.ca/media.ashx?id=ADDED26DC7CF5C0DD8161ED40E&t=pi&f=I'),
       (10613072, 'https://mediaserver.centris.ca/media.ashx?id=ADDED26DC7C8421DD8161ED4BB&t=pi&f=I'),
       (10613072, 'https://mediaserver.centris.ca/media.ashx?id=ADDED26DC7CF5C8DD8161ED4F0&t=pi&f=I'),
       (10613072, 'https://mediaserver.centris.ca/media.ashx?id=ADDED26DC7C8446DD8161ED480&t=pi&f=I'),
       (10613072, 'https://mediaserver.centris.ca/media.ashx?id=ADDED26DC7C8422DD8161ED49D&t=pi&f=I'),
       (10613072, 'https://mediaserver.centris.ca/media.ashx?id=ADDED26DC7C842BDD8161ED47A&t=pi&f=I'),
       (10613072, 'https://mediaserver.centris.ca/media.ashx?id=ADDED26DC7C842ADD8161ED43E&t=pi&f=I'),
       (10613072, 'https://mediaserver.centris.ca/media.ashx?id=ADDED26DC7C84CDDD8161ED451&t=pi&f=I'),
       (10613072, 'https://mediaserver.centris.ca/media.ashx?id=ADDED26DC7C8426DD8161ED462&t=pi&f=I'),
       (10613072, 'https://mediaserver.centris.ca/media.ashx?id=ADDED26DC7C84C4DD8161ED2D2&t=pi&f=I'),
       (10613072, 'https://mediaserver.centris.ca/media.ashx?id=ADDED26DC7C8423DD8161ED211&t=pi&f=I'),
       (10613072, 'https://mediaserver.centris.ca/media.ashx?id=ADDED26DC7C842FDD8161ED241&t=pi&f=I'),
       (10705838, 'https://mediaserver.centris.ca/media.ashx?id=ADDED26DC965929DD82E985D1B&t=pi&f=I'),
       (10705838, 'https://mediaserver.centris.ca/media.ashx?id=ADDED26DC965927DD82E985D4D&t=pi&f=I'),
       (10705838, 'https://mediaserver.centris.ca/media.ashx?id=ADDED26DC965925DD82E985D22&t=pi&f=I'),
       (10705838, 'https://mediaserver.centris.ca/media.ashx?id=ADDED26DC9659CDDD82E985DCC&t=pi&f=I'),
       (10705838, 'https://mediaserver.centris.ca/media.ashx?id=ADDED26DC9659C4DD82E985DE0&t=pi&f=I'),
       (10705838, 'https://mediaserver.centris.ca/media.ashx?id=ADDED26DC9659CEDD82E985DA1&t=pi&f=I'),
       (10705838, 'https://mediaserver.centris.ca/media.ashx?id=ADDED26DC9659C0DD82E985D0C&t=pi&f=I'),
       (10705838, 'https://mediaserver.centris.ca/media.ashx?id=ADDED26DC9659C6DD82E985DBD&t=pi&f=I'),
       (10705838, 'https://mediaserver.centris.ca/media.ashx?id=ADDED26DC9659E4DD82E985DF4&t=pi&f=I'),
       (10705838, 'https://mediaserver.centris.ca/media.ashx?id=ADDED26DC965906DD82E985D84&t=pi&f=I'),
       (10705838, 'https://mediaserver.centris.ca/media.ashx?id=ADDED26DC9659B2DD82E985D9E&t=pi&f=I'),
       (10705838, 'https://mediaserver.centris.ca/media.ashx?id=ADDED26DC9659ECDD82E985D7C&t=pi&f=I'),
       (10705838, 'https://mediaserver.centris.ca/media.ashx?id=ADDED26DC9659E0DD82E985D3B&t=pi&f=I'),
       (10705838, 'https://mediaserver.centris.ca/media.ashx?id=ADDED26DC9659C8DD82E985D5B&t=pi&f=I'),
       (10705838, 'https://mediaserver.centris.ca/media.ashx?id=ADDED26DC9659C7DD82E985D61&t=pi&f=I'),
       (10705838, 'https://mediaserver.centris.ca/media.ashx?id=ADDED26DC9659EFDD82E9851D1&t=pi&f=I'),
       (10705838, 'https://mediaserver.centris.ca/media.ashx?id=ADDED26DC9659E7DD82E985114&t=pi&f=I'),
       (10705838, 'https://mediaserver.centris.ca/media.ashx?id=ADDED26DC9659BEDD82E985144&t=pi&f=I'),
       (10705838, 'https://mediaserver.centris.ca/media.ashx?id=ADDED26DC9659B0DD82E98512E&t=pi&f=I'),
       (10705838, 'https://mediaserver.centris.ca/media.ashx?id=ADDED26DC9659E5DD82E9851C0&t=pi&f=I'),
       (10705838, 'https://mediaserver.centris.ca/media.ashx?id=ADDED26DC9659A8DD82E9851EE&t=pi&f=I'),
       (10705838, 'https://mediaserver.centris.ca/media.ashx?id=ADDED26DC96590CDD82E9851AC&t=pi&f=I'),
       (10705838, 'https://mediaserver.centris.ca/media.ashx?id=ADDED26DC9659B8DD82E98510F&t=pi&f=I'),
       (10705838, 'https://mediaserver.centris.ca/media.ashx?id=ADDED26DC9659B3DD82E9851B2&t=pi&f=I'),
       (10705838, 'https://mediaserver.centris.ca/media.ashx?id=ADDED26DC9659B6DD82E9851FA&t=pi&f=I'),
       (10705838, 'https://mediaserver.centris.ca/media.ashx?id=ADDED26DC9659F4DD82E98518E&t=pi&f=I'),
       (10705838, 'https://mediaserver.centris.ca/media.ashx?id=ADDED26DC9659F1DD82E98519E&t=pi&f=I'),
       (10705838, 'https://mediaserver.centris.ca/media.ashx?id=ADDED26DC9659FEDD82E98517D&t=pi&f=I'),
       (10999172, 'https://mediaserver.centris.ca/media.ashx?id=ADDED26DC7EF74DDD803EBCD14&t=pi&f=I'),
       (10999172, 'https://mediaserver.centris.ca/media.ashx?id=ADDED26DC7EF741DD803EBCD4C&t=pi&f=I'),
       (10999172, 'https://mediaserver.centris.ca/media.ashx?id=ADDED26DC7EF744DD803EBCD2A&t=pi&f=I'),
       (10999172, 'https://mediaserver.centris.ca/media.ashx?id=ADDED26DC7EF742DD803EBCDCB&t=pi&f=I'),
       (10999172, 'https://mediaserver.centris.ca/media.ashx?id=ADDED26DC7EF74CDD803EBCDED&t=pi&f=I'),
       (10999172, 'https://mediaserver.centris.ca/media.ashx?id=ADDED26DC7EF74EDD803EBCDA4&t=pi&f=I'),
       (10999172, 'https://mediaserver.centris.ca/media.ashx?id=ADDED26DC7EF74ADD803EBCD0C&t=pi&f=I'),
       (10999172, 'https://mediaserver.centris.ca/media.ashx?id=ADDED26DC7EF740DD803EBCDBA&t=pi&f=I'),
       (10999172, 'https://mediaserver.centris.ca/media.ashx?id=ADDED26DC7EF74BDD803EBCDFB&t=pi&f=I'),
       (10999172, 'https://mediaserver.centris.ca/media.ashx?id=ADDED26DC7EF74FDD803EBCD80&t=pi&f=I'),
       (10999172, 'https://mediaserver.centris.ca/media.ashx?id=ADDED26DC7EF748DD803EBCD9A&t=pi&f=I'),
       (10999172, 'https://mediaserver.centris.ca/media.ashx?id=ADDED26DC7EF749DD803EBCD7B&t=pi&f=I'),
       (10999172, 'https://mediaserver.centris.ca/media.ashx?id=ADDED26DC7EF747DD803EBCD3D&t=pi&f=I'),
       (10999172, 'https://mediaserver.centris.ca/media.ashx?id=ADDED26DC7EF743DD803EBCD54&t=pi&f=I'),
       (10999172, 'https://mediaserver.centris.ca/media.ashx?id=ADDED26DC7EF745DD803EBCD6C&t=pi&f=I'),
       (10999172, 'https://mediaserver.centris.ca/media.ashx?id=ADDED26DC7EF746DD803EBC1DC&t=pi&f=I'),
       (10999172, 'https://mediaserver.centris.ca/media.ashx?id=ADDED26DC7EF72DDD803EBC11C&t=pi&f=I'),
       (10999172, 'https://mediaserver.centris.ca/media.ashx?id=ADDED26DC7EF721DD803EBC14A&t=pi&f=I'),
       (10999172, 'https://mediaserver.centris.ca/media.ashx?id=ADDED26DC7EF724DD803EBC12B&t=pi&f=I'),
       (10999172, 'https://mediaserver.centris.ca/media.ashx?id=ADDED26DC7EF722DD803EBC1CD&t=pi&f=I'),
       (10999172, 'https://mediaserver.centris.ca/media.ashx?id=ADDED26DC7EF72CDD803EBC1E4&t=pi&f=I'),
       (10999172, 'https://mediaserver.centris.ca/media.ashx?id=ADDED26DC7EF72EDD803EBC1AC&t=pi&f=I'),
       (10999172, 'https://mediaserver.centris.ca/media.ashx?id=ADDED26DC7EF72ADD803EBC10A&t=pi&f=I'),
       (10999172, 'https://mediaserver.centris.ca/media.ashx?id=ADDED26DC7EF720DD803EBC1BB&t=pi&f=I'),
       (10999172, 'https://mediaserver.centris.ca/media.ashx?id=ADDED26DC7EF72BDD803EBC1FD&t=pi&f=I'),
       (10999172, 'https://mediaserver.centris.ca/media.ashx?id=ADDED26DC7EF72FDD803EBC18F&t=pi&f=I'),
       (10999172, 'https://mediaserver.centris.ca/media.ashx?id=ADDED26DC7EF728DD803EBC19B&t=pi&f=I'),
       (10999172, 'https://mediaserver.centris.ca/media.ashx?id=ADDED26DC7EF729DD803EBC17D&t=pi&f=I'),
       (10999172, 'https://mediaserver.centris.ca/media.ashx?id=ADDED26DC7EF727DD803EBC134&t=pi&f=I'),
       (10999172, 'https://mediaserver.centris.ca/media.ashx?id=ADDED26DC7EF723DD803EBC15C&t=pi&f=I'),
       (10999172, 'https://mediaserver.centris.ca/media.ashx?id=ADDED26DC7EF725DD803EBC16A&t=pi&f=I'),
       (10999172, 'https://mediaserver.centris.ca/media.ashx?id=ADDED26DC7EF726DD803EBC4DA&t=pi&f=I'),
       (10999172, 'https://mediaserver.centris.ca/media.ashx?id=ADDED26DC7EF7C1DD803EBC410&t=pi&f=I'),
       (10999172, 'https://mediaserver.centris.ca/media.ashx?id=ADDED26DC7EF7C4DD803EBC44F&t=pi&f=I'),
       (10999172, 'https://mediaserver.centris.ca/media.ashx?id=ADDED26DC7EF7C2DD803EBC421&t=pi&f=I'),
       (11044938, 'https://mediaserver.centris.ca/media.ashx?id=ADDED26DC726043DD8BBBC8D14&t=pi&f=I'),
       (11044938, 'https://mediaserver.centris.ca/media.ashx?id=ADDED26DC726046DD8BBBC8D4E&t=pi&f=I'),
       (11044938, 'https://mediaserver.centris.ca/media.ashx?id=ADDED26DC726A64DD8BBBC8D2E&t=pi&f=I'),
       (11044938, 'https://mediaserver.centris.ca/media.ashx?id=ADDED26DC7260D4DD8BBBC8DCE&t=pi&f=I'),
       (11044938, 'https://mediaserver.centris.ca/media.ashx?id=ADDED26DC7260DCDD8BBBC8DEB&t=pi&f=I'),
       (11044938, 'https://mediaserver.centris.ca/media.ashx?id=ADDED26DC726A6ADD8BBBC8DA4&t=pi&f=I'),
       (11044938, 'https://mediaserver.centris.ca/media.ashx?id=ADDED26DC7260D3DD8BBBC8D0A&t=pi&f=I'),
       (11044938, 'https://mediaserver.centris.ca/media.ashx?id=ADDED26DC7260D6DD8BBBC8DBF&t=pi&f=I'),
       (11044938, 'https://mediaserver.centris.ca/media.ashx?id=ADDED26DC726014DD8BBBC8DF1&t=pi&f=I'),
       (11044938, 'https://mediaserver.centris.ca/media.ashx?id=ADDED26DC72601EDD8BBBC8D84&t=pi&f=I'),
       (11044938, 'https://mediaserver.centris.ca/media.ashx?id=ADDED26DC726010DD8BBBC8D9E&t=pi&f=I'),
       (11044938, 'https://mediaserver.centris.ca/media.ashx?id=ADDED26DC726018DD8BBBC8D7A&t=pi&f=I'),
       (11044938, 'https://mediaserver.centris.ca/media.ashx?id=ADDED26DC726017DD8BBBC8D3F&t=pi&f=I'),
       (11044938, 'https://mediaserver.centris.ca/media.ashx?id=ADDED26DC726016DD8BBBC8D52&t=pi&f=I'),
       (11044938, 'https://mediaserver.centris.ca/media.ashx?id=ADDED26DC726041DD8BBBC8D6C&t=pi&f=I'),
       (11044938, 'https://mediaserver.centris.ca/media.ashx?id=ADDED26DC72604CDD8BBBC81DA&t=pi&f=I'),
       (11044938, 'https://mediaserver.centris.ca/media.ashx?id=ADDED26DC72604ADD8BBBC811F&t=pi&f=I'),
       (11044938, 'https://mediaserver.centris.ca/media.ashx?id=ADDED26DC72604BDD8BBBC8144&t=pi&f=I'),
       (11044938, 'https://mediaserver.centris.ca/media.ashx?id=ADDED26DC726024DD8BBBC812B&t=pi&f=I'),
       (11044938, 'https://mediaserver.centris.ca/media.ashx?id=ADDED26DC726049DD8BBBC81CC&t=pi&f=I'),
       (11044938, 'https://mediaserver.centris.ca/media.ashx?id=ADDED26DC726A60DD8BBBC81E2&t=pi&f=I'),
       (11044938, 'https://mediaserver.centris.ca/media.ashx?id=ADDED26DC726A6BDD8BBBC81AE&t=pi&f=I'),
       (11044938, 'https://mediaserver.centris.ca/media.ashx?id=ADDED26DC726A6FDD8BBBC8100&t=pi&f=I'),
       (11044938, 'https://mediaserver.centris.ca/media.ashx?id=ADDED26DC726A61DD8BBBC81BD&t=pi&f=I'),
       (11044938, 'https://mediaserver.centris.ca/media.ashx?id=ADDED26DC726A68DD8BBBC81F0&t=pi&f=I'),
       (11044938, 'https://mediaserver.centris.ca/media.ashx?id=ADDED26DC726A69DD8BBBC818A&t=pi&f=I'),
       (11044938, 'https://mediaserver.centris.ca/media.ashx?id=ADDED26DC726A62DD8BBBC8194&t=pi&f=I'),
       (11044938, 'https://mediaserver.centris.ca/media.ashx?id=ADDED26DC726A6CDD8BBBC817C&t=pi&f=I'),
       (11044938, 'https://mediaserver.centris.ca/media.ashx?id=ADDED26DC726A6EDD8BBBC813A&t=pi&f=I'),
       (11044938, 'https://mediaserver.centris.ca/media.ashx?id=ADDED26DC7260D8DD8BBBC815B&t=pi&f=I'),
       (11044938, 'https://mediaserver.centris.ca/media.ashx?id=ADDED26DC726A63DD8BBBC8162&t=pi&f=I'),
       (11044938, 'https://mediaserver.centris.ca/media.ashx?id=ADDED26DC726A66DD8BBBC84DC&t=pi&f=I'),
       (11044938, 'https://mediaserver.centris.ca/media.ashx?id=ADDED26DC7260DDDD8BBBC8414&t=pi&f=I'),
       (11044938, 'https://mediaserver.centris.ca/media.ashx?id=ADDED26DC7260DADD8BBBC844F&t=pi&f=I'),
       (11044938, 'https://mediaserver.centris.ca/media.ashx?id=ADDED26DC7260DBDD8BBBC8424&t=pi&f=I'),
       (10297060, 'https://mediaserver.centris.ca/media.ashx?id=ADDED26DC8B38D9DDF3155CD12&t=pi&f=I'),
       (10297060, 'https://mediaserver.centris.ca/media.ashx?id=ADDED26DC8B38D5DDF3155CD40&t=pi&f=I'),
       (10297060, 'https://mediaserver.centris.ca/media.ashx?id=ADDED26DC8B38D6DDF3155CD2F&t=pi&f=I'),
       (10297060, 'https://mediaserver.centris.ca/media.ashx?id=ADDED26DC8B3811DDF3155CDCD&t=pi&f=I'),
       (10297060, 'https://mediaserver.centris.ca/media.ashx?id=ADDED26DC8B381DDDF3155CDED&t=pi&f=I'),
       (10297060, 'https://mediaserver.centris.ca/media.ashx?id=ADDED26DC8B381ADDF3155CDA0&t=pi&f=I'),
       (10297060, 'https://mediaserver.centris.ca/media.ashx?id=ADDED26DC8B3814DDF3155CD0C&t=pi&f=I'),
       (10297060, 'https://mediaserver.centris.ca/media.ashx?id=ADDED26DC8B381EDDF3155CDBB&t=pi&f=I'),
       (10297060, 'https://mediaserver.centris.ca/media.ashx?id=ADDED26DC8B3812DDF3155CDF0&t=pi&f=I'),
       (10297060, 'https://mediaserver.centris.ca/media.ashx?id=ADDED26DC8B381CDDF3155CD8A&t=pi&f=I'),
       (10297060, 'https://mediaserver.centris.ca/media.ashx?id=ADDED26DC8B381FDDF3155CD94&t=pi&f=I'),
       (10297060, 'https://mediaserver.centris.ca/media.ashx?id=ADDED26DC8B381BDDF3155CD74&t=pi&f=I'),
       (10297060, 'https://mediaserver.centris.ca/media.ashx?id=ADDED26DC8B3810DDF3155CD34&t=pi&f=I'),
       (10297060, 'https://mediaserver.centris.ca/media.ashx?id=ADDED26DC8B3818DDF3155CD52&t=pi&f=I'),
       (10297060, 'https://mediaserver.centris.ca/media.ashx?id=ADDED26DC8B3819DDF3155CD6E&t=pi&f=I'),
       (10297060, 'https://mediaserver.centris.ca/media.ashx?id=ADDED26DC8B3817DDF3155C1DE&t=pi&f=I'),
       (10297060, 'https://mediaserver.centris.ca/media.ashx?id=ADDED26DC8B3813DDF3155C110&t=pi&f=I'),
       (10297060, 'https://mediaserver.centris.ca/media.ashx?id=ADDED26DC8B3815DDF3155C14F&t=pi&f=I'),
       (10297060, 'https://mediaserver.centris.ca/media.ashx?id=ADDED26DC8B3816DDF3155C121&t=pi&f=I'),
       (10297060, 'https://mediaserver.centris.ca/media.ashx?id=ADDED26DC8B384DDDF3155C1C1&t=pi&f=I'),
       (10297060, 'https://mediaserver.centris.ca/media.ashx?id=ADDED26DC8B3841DDF3155C1E2&t=pi&f=I'),
       (10297060, 'https://mediaserver.centris.ca/media.ashx?id=ADDED26DC8B3844DDF3155C1AE&t=pi&f=I'),
       (10297060, 'https://mediaserver.centris.ca/media.ashx?id=ADDED26DC8B3842DDF3155C100&t=pi&f=I'),
       (10297060, 'https://mediaserver.centris.ca/media.ashx?id=ADDED26DC8B38D3DDF3155C1B2&t=pi&f=I'),
       (10297060, 'https://mediaserver.centris.ca/media.ashx?id=ADDED26DC8B38D7DDF3155C1F2&t=pi&f=I'),
       (10297060, 'https://mediaserver.centris.ca/media.ashx?id=ADDED26DC8B39D5DDF3155C18C&t=pi&f=I'),
       (10297060, 'https://mediaserver.centris.ca/media.ashx?id=ADDED26DC8B39D6DDF3155C19A&t=pi&f=I'),
       (10302572, 'https://mediaserver.centris.ca/media.ashx?id=ADDED26DC939890DDF32CA7D1A&t=pi&f=I'),
       (10302572, 'https://mediaserver.centris.ca/media.ashx?id=ADDED26DC93989BDDF32CA7D4B&t=pi&f=I'),
       (10302572, 'https://mediaserver.centris.ca/media.ashx?id=ADDED26DC93989FDDF32CA7D2D&t=pi&f=I'),
       (10302572, 'https://mediaserver.centris.ca/media.ashx?id=ADDED26DC939898DDF32CA7DCF&t=pi&f=I'),
       (10302572, 'https://mediaserver.centris.ca/media.ashx?id=ADDED26DC939899DDF32CA7DE1&t=pi&f=I'),
       (10302572, 'https://mediaserver.centris.ca/media.ashx?id=ADDED26DC939897DDF32CA7DA2&t=pi&f=I'),
       (10302572, 'https://mediaserver.centris.ca/media.ashx?id=ADDED26DC939893DDF32CA7D0E&t=pi&f=I'),
       (10302572, 'https://mediaserver.centris.ca/media.ashx?id=ADDED26DC939895DDF32CA7DB0&t=pi&f=I'),
       (10302572, 'https://mediaserver.centris.ca/media.ashx?id=ADDED26DC939896DDF32CA7DFF&t=pi&f=I'),
       (10302572, 'https://mediaserver.centris.ca/media.ashx?id=ADDED26DC93987DDDF32CA7D8A&t=pi&f=I'),
       (10302572, 'https://mediaserver.centris.ca/media.ashx?id=ADDED26DC939871DDF32CA7D9B&t=pi&f=I'),
       (10302572, 'https://mediaserver.centris.ca/media.ashx?id=ADDED26DC939874DDF32CA7D7D&t=pi&f=I'),
       (10302572, 'https://mediaserver.centris.ca/media.ashx?id=ADDED26DC939872DDF32CA7D34&t=pi&f=I'),
       (10302572, 'https://mediaserver.centris.ca/media.ashx?id=ADDED26DC93987CDDF32CA7D5C&t=pi&f=I'),
       (10302572, 'https://mediaserver.centris.ca/media.ashx?id=ADDED26DC93987EDDF32CA7D6A&t=pi&f=I'),
       (10302572, 'https://mediaserver.centris.ca/media.ashx?id=ADDED26DC93987ADDF32CA71DA&t=pi&f=I'),
       (10302572, 'https://mediaserver.centris.ca/media.ashx?id=ADDED26DC939870DDF32CA711B&t=pi&f=I'),
       (10302572, 'https://mediaserver.centris.ca/media.ashx?id=ADDED26DC93987BDDF32CA714D&t=pi&f=I'),
       (10302572, 'https://mediaserver.centris.ca/media.ashx?id=ADDED26DC93987FDDF32CA7124&t=pi&f=I'),
       (10302572, 'https://mediaserver.centris.ca/media.ashx?id=ADDED26DC939878DDF32CA71C1&t=pi&f=I'),
       (10302572, 'https://mediaserver.centris.ca/media.ashx?id=ADDED26DC939879DDF32CA71E2&t=pi&f=I'),
       (10302572, 'https://mediaserver.centris.ca/media.ashx?id=ADDED26DC939877DDF32CA71AE&t=pi&f=I'),
       (10302572, 'https://mediaserver.centris.ca/media.ashx?id=ADDED26DC939873DDF32CA7100&t=pi&f=I'),
       (10302572, 'https://mediaserver.centris.ca/media.ashx?id=ADDED26DC939875DDF32CA71BF&t=pi&f=I'),
       (10302572, 'https://mediaserver.centris.ca/media.ashx?id=ADDED26DC939876DDF32CA71F1&t=pi&f=I'),
       (9028802, 'https://mediaserver.centris.ca/media.ashx?id=ADDED26DC7D9F78DDBF7C74D1D&t=pi&f=I'),
       (9028802, 'https://mediaserver.centris.ca/media.ashx?id=ADDED26DC7D9F79DDBF7C74D44&t=pi&f=I'),
       (9028802, 'https://mediaserver.centris.ca/media.ashx?id=ADDED26DC7D9F77DDBF7C74D2C&t=pi&f=I'),
       (9028802, 'https://mediaserver.centris.ca/media.ashx?id=ADDED26DC7D9F73DDBF7C74DCA&t=pi&f=I'),
       (9028802, 'https://mediaserver.centris.ca/media.ashx?id=ADDED26DC7D9F75DDBF7C74DEB&t=pi&f=I'),
       (9028802, 'https://mediaserver.centris.ca/media.ashx?id=ADDED26DC7D9F76DDBF7C74DAD&t=pi&f=I'),
       (9028802, 'https://mediaserver.centris.ca/media.ashx?id=ADDED26DC7D9F3DDDBF7C74D0D&t=pi&f=I'),
       (9028802, 'https://mediaserver.centris.ca/media.ashx?id=ADDED26DC7D9F31DDBF7C74DB4&t=pi&f=I'),
       (9028802, 'https://mediaserver.centris.ca/media.ashx?id=ADDED26DC7D9F34DDBF7C74DFC&t=pi&f=I'),
       (9028802, 'https://mediaserver.centris.ca/media.ashx?id=ADDED26DC7D9F32DDBF7C74D82&t=pi&f=I'),
       (9028802, 'https://mediaserver.centris.ca/media.ashx?id=ADDED26DC7D9F3CDDBF7C74D9E&t=pi&f=I'),
       (9028802, 'https://mediaserver.centris.ca/media.ashx?id=ADDED26DC7D9F3EDDBF7C74D70&t=pi&f=I'),
       (9028802, 'https://mediaserver.centris.ca/media.ashx?id=ADDED26DC7D9F3ADDBF7C74D3F&t=pi&f=I'),
       (9028802, 'https://mediaserver.centris.ca/media.ashx?id=ADDED26DC7D9F38DDBF7C74D51&t=pi&f=I'),
       (9028802, 'https://mediaserver.centris.ca/media.ashx?id=ADDED26DC7D9F30DDBF7C74D64&t=pi&f=I'),
       (9028802, 'https://mediaserver.centris.ca/media.ashx?id=ADDED26DC7D9F39DDBF7C741D4&t=pi&f=I'),
       (9028802, 'https://mediaserver.centris.ca/media.ashx?id=ADDED26DC7D9F37DDBF7C7411C&t=pi&f=I'),
       (9028802, 'https://mediaserver.centris.ca/media.ashx?id=ADDED26DC7D9F33DDBF7C7414A&t=pi&f=I'),
       (9028802, 'https://mediaserver.centris.ca/media.ashx?id=ADDED26DC7D9F3BDDBF7C7412E&t=pi&f=I'),
       (9028802, 'https://mediaserver.centris.ca/media.ashx?id=ADDED26DC7D9F3FDDBF7C741C0&t=pi&f=I'),
       (9028802, 'https://mediaserver.centris.ca/media.ashx?id=ADDED26DC7D9F35DDBF7C741ED&t=pi&f=I'),
       (9028802, 'https://mediaserver.centris.ca/media.ashx?id=ADDED26DC7D9F36DDBF7C741A4&t=pi&f=I'),
       (9028802, 'https://mediaserver.centris.ca/media.ashx?id=ADDED26DC7D9F5DDDBF7C74104&t=pi&f=I'),
       (9028802, 'https://mediaserver.centris.ca/media.ashx?id=ADDED26DC7D9F51DDBF7C741BC&t=pi&f=I'),
       (9028802, 'https://mediaserver.centris.ca/media.ashx?id=ADDED26DC7D9F54DDBF7C741FA&t=pi&f=I'),
       (9028802, 'https://mediaserver.centris.ca/media.ashx?id=ADDED26DC7D9F52DDBF7C7418E&t=pi&f=I'),
       (9028802, 'https://mediaserver.centris.ca/media.ashx?id=ADDED26DC7D9F5CDDBF7C74190&t=pi&f=I'),
       (9435075, 'https://mediaserver.centris.ca/media.ashx?id=ADDED26DC89F621DDB66072D1B&t=pi&f=I'),
       (9435075, 'https://mediaserver.centris.ca/media.ashx?id=ADDED26DC89F624DDB66072D4D&t=pi&f=I'),
       (9435075, 'https://mediaserver.centris.ca/media.ashx?id=ADDED26DC89F622DDB66072D24&t=pi&f=I'),
       (9435075, 'https://mediaserver.centris.ca/media.ashx?id=ADDED26DC89F62CDDB66072DCC&t=pi&f=I'),
       (9435075, 'https://mediaserver.centris.ca/media.ashx?id=ADDED26DC89F62EDDB66072DEA&t=pi&f=I'),
       (9435075, 'https://mediaserver.centris.ca/media.ashx?id=ADDED26DC89F62ADDB66072DAB&t=pi&f=I'),
       (9435075, 'https://mediaserver.centris.ca/media.ashx?id=ADDED26DC89F620DDB66072D0D&t=pi&f=I'),
       (9435075, 'https://mediaserver.centris.ca/media.ashx?id=ADDED26DC89F62BDDB66072DB4&t=pi&f=I'),
       (9435075, 'https://mediaserver.centris.ca/media.ashx?id=ADDED26DC89F62FDDB66072DFC&t=pi&f=I'),
       (9435075, 'https://mediaserver.centris.ca/media.ashx?id=ADDED26DC89F628DDB66072D8D&t=pi&f=I'),
       (9435075, 'https://mediaserver.centris.ca/media.ashx?id=ADDED26DC89F629DDB66072D94&t=pi&f=I'),
       (9435075, 'https://mediaserver.centris.ca/media.ashx?id=ADDED26DC89F627DDB66072D7C&t=pi&f=I'),
       (9435075, 'https://mediaserver.centris.ca/media.ashx?id=ADDED26DC89F623DDB66072D3A&t=pi&f=I'),
       (9435075, 'https://mediaserver.centris.ca/media.ashx?id=ADDED26DC89F625DDB66072D5B&t=pi&f=I'),
       (9435075, 'https://mediaserver.centris.ca/media.ashx?id=ADDED26DC89F626DDB66072D6D&t=pi&f=I'),
       (9435075, 'https://mediaserver.centris.ca/media.ashx?id=ADDED26DC89F6C1DDB660721DF&t=pi&f=I'),
       (9435075, 'https://mediaserver.centris.ca/media.ashx?id=ADDED26DC89F6C4DDB66072111&t=pi&f=I'),
       (9435075, 'https://mediaserver.centris.ca/media.ashx?id=ADDED26DC89F6C2DDB66072142&t=pi&f=I'),
       (9435075, 'https://mediaserver.centris.ca/media.ashx?id=ADDED26DC89F6CCDDB6607212E&t=pi&f=I'),
       (9435075, 'https://mediaserver.centris.ca/media.ashx?id=ADDED26DC89F6CEDDB660721C0&t=pi&f=I'),
       (9435075, 'https://mediaserver.centris.ca/media.ashx?id=ADDED26DC89F6CADDB660721EF&t=pi&f=I'),
       (9435075, 'https://mediaserver.centris.ca/media.ashx?id=ADDED26DC89F6C0DDB660721A1&t=pi&f=I'),
       (9435075, 'https://mediaserver.centris.ca/media.ashx?id=ADDED26DC89F6CBDDB66072102&t=pi&f=I'),
       (9435075, 'https://mediaserver.centris.ca/media.ashx?id=ADDED26DC89F6CFDDB660721BE&t=pi&f=I'),
       (9542070, 'https://mediaserver.centris.ca/media.ashx?id=ADDED26DC93376DDDF1FF9AD1B&t=pi&f=I'),
       (9542070, 'https://mediaserver.centris.ca/media.ashx?id=ADDED26DC93375FDDF1FF9AD40&t=pi&f=I'),
       (9542070, 'https://mediaserver.centris.ca/media.ashx?id=ADDED26DC933767DDF1FF9AD2F&t=pi&f=I'),
       (9542070, 'https://mediaserver.centris.ca/media.ashx?id=ADDED26DC933753DDF1FF9ADCD&t=pi&f=I'),
       (9542070, 'https://mediaserver.centris.ca/media.ashx?id=ADDED26DC933759DDF1FF9ADEF&t=pi&f=I'),
       (9542070, 'https://mediaserver.centris.ca/media.ashx?id=ADDED26DC933756DDF1FF9ADAC&t=pi&f=I'),
       (9542070, 'https://mediaserver.centris.ca/media.ashx?id=ADDED26DC933760DDF1FF9AD01&t=pi&f=I'),
       (9542070, 'https://mediaserver.centris.ca/media.ashx?id=ADDED26DC93376CDDF1FF9ADBF&t=pi&f=I'),
       (9542070, 'https://mediaserver.centris.ca/media.ashx?id=ADDED26DC933768DDF1FF9ADF2&t=pi&f=I'),
       (9542070, 'https://mediaserver.centris.ca/media.ashx?id=ADDED26DC933761DDF1FF9AD8E&t=pi&f=I'),
       (9542070, 'https://mediaserver.centris.ca/media.ashx?id=ADDED26DC93375BDDF1FF9AD94&t=pi&f=I'),
       (9542070, 'https://mediaserver.centris.ca/media.ashx?id=ADDED26DC933758DDF1FF9AD74&t=pi&f=I'),
       (9542070, 'https://mediaserver.centris.ca/media.ashx?id=ADDED26DC93376BDDF1FF9AD3E&t=pi&f=I'),
       (9542070, 'https://mediaserver.centris.ca/media.ashx?id=ADDED26DC933762DDF1FF9AD51&t=pi&f=I'),
       (9542070, 'https://mediaserver.centris.ca/media.ashx?id=ADDED26DC933763DDF1FF9AD6F&t=pi&f=I'),
       (9542070, 'https://mediaserver.centris.ca/media.ashx?id=ADDED26DC93376EDDF1FF9A1D2&t=pi&f=I'),
       (9542070, 'https://mediaserver.centris.ca/media.ashx?id=ADDED26DC93376ADDF1FF9A11E&t=pi&f=I'),
       (9739120, 'https://mediaserver.centris.ca/media.ashx?id=ADDED26DC96C025DDFCF90DD1F&t=pi&f=I'),
       (9739120, 'https://mediaserver.centris.ca/media.ashx?id=ADDED26DC96C026DDFCF90DD41&t=pi&f=I'),
       (9739120, 'https://mediaserver.centris.ca/media.ashx?id=ADDED26DC96C0CDDDFCF90DD21&t=pi&f=I'),
       (9739120, 'https://mediaserver.centris.ca/media.ashx?id=ADDED26DC96C0C2DDFCF90DDCE&t=pi&f=I'),
       (9739120, 'https://mediaserver.centris.ca/media.ashx?id=ADDED26DC96C0CCDDFCF90DDE0&t=pi&f=I'),
       (9739120, 'https://mediaserver.centris.ca/media.ashx?id=ADDED26DC96C0CEDDFCF90DDAF&t=pi&f=I'),
       (9739120, 'https://mediaserver.centris.ca/media.ashx?id=ADDED26DC96C0CADDFCF90DD01&t=pi&f=I'),
       (9739120, 'https://mediaserver.centris.ca/media.ashx?id=ADDED26DC96C0C0DDFCF90DDB2&t=pi&f=I'),
       (9739120, 'https://mediaserver.centris.ca/media.ashx?id=ADDED26DC96C0CBDDFCF90DDFE&t=pi&f=I'),
       (9739120, 'https://mediaserver.centris.ca/media.ashx?id=ADDED26DC96C0CFDDFCF90DD8C&t=pi&f=I'),
       (9739120, 'https://mediaserver.centris.ca/media.ashx?id=ADDED26DC96C0C6DDFCF90DD9B&t=pi&f=I'),
       (9739120, 'https://mediaserver.centris.ca/media.ashx?id=ADDED26DC96C0C8DDFCF90DD7C&t=pi&f=I'),
       (9739120, 'https://mediaserver.centris.ca/media.ashx?id=ADDED26DC96C0EDDDFCF90DD3F&t=pi&f=I'),
       (9739120, 'https://mediaserver.centris.ca/media.ashx?id=ADDED26DC96C0E1DDFCF90DD51&t=pi&f=I'),
       (9739120, 'https://mediaserver.centris.ca/media.ashx?id=ADDED26DC96C0C9DDFCF90DD6B&t=pi&f=I'),
       (9739120, 'https://mediaserver.centris.ca/media.ashx?id=ADDED26DC96C0C7DDFCF90D1DB&t=pi&f=I'),
       (9739120, 'https://mediaserver.centris.ca/media.ashx?id=ADDED26DC96C0C5DDFCF90D111&t=pi&f=I'),
       (9739120, 'https://mediaserver.centris.ca/media.ashx?id=ADDED26DC96C0E4DDFCF90D14C&t=pi&f=I'),
       (9739120, 'https://mediaserver.centris.ca/media.ashx?id=ADDED26DC96C0C1DDFCF90D122&t=pi&f=I'),
       (9739120, 'https://mediaserver.centris.ca/media.ashx?id=ADDED26DC96C0C4DDFCF90D1CE&t=pi&f=I'),
       (9739120, 'https://mediaserver.centris.ca/media.ashx?id=ADDED26DC96C0C3DDFCF90D1EC&t=pi&f=I'),
       (9739120, 'https://mediaserver.centris.ca/media.ashx?id=ADDED26DC96C0E2DDFCF90D1AF&t=pi&f=I'),
       (9739120, 'https://mediaserver.centris.ca/media.ashx?id=ADDED26DC96C0ECDDFCF90D101&t=pi&f=I'),
       (9739120, 'https://mediaserver.centris.ca/media.ashx?id=ADDED26DC96C0EEDDFCF90D1B2&t=pi&f=I'),
       (9739120, 'https://mediaserver.centris.ca/media.ashx?id=ADDED26DC96C0EADDFCF90D1FE&t=pi&f=I'),
       (9739120, 'https://mediaserver.centris.ca/media.ashx?id=ADDED26DC96C0EBDDFCF90D18E&t=pi&f=I'),
       (9739120, 'https://mediaserver.centris.ca/media.ashx?id=ADDED26DC96C0EFDDFCF90D190&t=pi&f=I'),
       (9739120, 'https://mediaserver.centris.ca/media.ashx?id=ADDED26DC96C0E0DDFCF90D17A&t=pi&f=I'),
       (9739120, 'https://mediaserver.centris.ca/media.ashx?id=ADDED26DC96C0E8DDFCF90D130&t=pi&f=I'),
       (9853573, 'https://mediaserver.centris.ca/media.ashx?id=ADDED26DC947950DDFAE8BED14&t=pi&f=I'),
       (9853573, 'https://mediaserver.centris.ca/media.ashx?id=ADDED26DC94795FDDFAE8BED4E&t=pi&f=I'),
       (9853573, 'https://mediaserver.centris.ca/media.ashx?id=ADDED26DC947958DDFAE8BED2C&t=pi&f=I'),
       (9853573, 'https://mediaserver.centris.ca/media.ashx?id=ADDED26DC947957DDFAE8BEDC0&t=pi&f=I'),
       (9853573, 'https://mediaserver.centris.ca/media.ashx?id=ADDED26DC947953DDFAE8BEDEF&t=pi&f=I'),
       (9853573, 'https://mediaserver.centris.ca/media.ashx?id=ADDED26DC947956DDFAE8BEDA4&t=pi&f=I'),
       (9853573, 'https://mediaserver.centris.ca/media.ashx?id=ADDED26DC94796DDDFAE8BED04&t=pi&f=I'),
       (9853573, 'https://mediaserver.centris.ca/media.ashx?id=ADDED26DC947964DDFAE8BEDBE&t=pi&f=I'),
       (9853573, 'https://mediaserver.centris.ca/media.ashx?id=ADDED26DC947962DDFAE8BEDF0&t=pi&f=I'),
       (9853573, 'https://mediaserver.centris.ca/media.ashx?id=ADDED26DC94796EDDFAE8BED80&t=pi&f=I'),
       (9853573, 'https://mediaserver.centris.ca/media.ashx?id=ADDED26DC94796ADDFAE8BED9F&t=pi&f=I'),
       (9853573, 'https://mediaserver.centris.ca/media.ashx?id=ADDED26DC947960DDFAE8BED71&t=pi&f=I'),
       (9853573, 'https://mediaserver.centris.ca/media.ashx?id=ADDED26DC94796BDDFAE8BED32&t=pi&f=I'),
       (9981310, 'https://mediaserver.centris.ca/media.ashx?id=ADDED26DC7695CFDDFBC305D1F&t=pi&f=I'),
       (9981310, 'https://mediaserver.centris.ca/media.ashx?id=ADDED26DC7695C9DDFBC305D4F&t=pi&f=I'),
       (9981310, 'https://mediaserver.centris.ca/media.ashx?id=ADDED26DC7695C8DDFBC305D2F&t=pi&f=I'),
       (9981310, 'https://mediaserver.centris.ca/media.ashx?id=ADDED26DC7695C7DDFBC305DC4&t=pi&f=I'),
       (9981310, 'https://mediaserver.centris.ca/media.ashx?id=ADDED26DC7695C3DDFBC305DEC&t=pi&f=I'),
       (9981310, 'https://mediaserver.centris.ca/media.ashx?id=ADDED26DC7695C5DDFBC305DAA&t=pi&f=I'),
       (9981310, 'https://mediaserver.centris.ca/media.ashx?id=ADDED26DC7695C6DDFBC305D0B&t=pi&f=I'),
       (9981310, 'https://mediaserver.centris.ca/media.ashx?id=ADDED26DC7695EDDDFBC305DBB&t=pi&f=I'),
       (9981310, 'https://mediaserver.centris.ca/media.ashx?id=ADDED26DC7695E1DDFBC305DFD&t=pi&f=I'),
       (9981310, 'https://mediaserver.centris.ca/media.ashx?id=ADDED26DC7695E4DDFBC305D8F&t=pi&f=I'),
       (9981310, 'https://mediaserver.centris.ca/media.ashx?id=ADDED26DC7695E2DDFBC305D91&t=pi&f=I'),
       (9981310, 'https://mediaserver.centris.ca/media.ashx?id=ADDED26DC7695ECDDFBC305D72&t=pi&f=I');